⚠ The "middleware" file convention is deprecated. Please use "proxy" instead. Learn more: https://nextjs.org/docs/messages/middleware-to-proxy
[browser] THREE.Clock: This module has been deprecated. Please use THREE.Timer instead. (file://C:/Users/amrit/mini projects/PlotKAre-temp/PLotKAre-temp1/webpage/.next/dev/static/chunks/node_modules_next_dist_115brz8._.js:2431:13)
[browser] THREE.WebGLShadowMap: PCFSoftShadowMap has been deprecated. Using PCFShadowMap instead. (file://C:/Users/amrit/mini projects/PlotKAre-temp/PLotKAre-temp1/webpage/.next/dev/static/chunks/node_modules_next_dist_115brz8._.js:2431:13)
[browser] THREE.WebGLShadowMap: PCFSoftShadowMap has been deprecated. Using PCFShadowMap instead. (file://C:/Users/amrit/mini projects/PlotKAre-temp/PLotKAre-temp1/webpage/.next/dev/static/chunks/node_modules_next_dist_115brz8._.js:2431:13)
[browser] THREE.WebGLShadowMap: PCFSoftShadowMap has been deprecated. Using PCFShadowMap instead. (file://C:/Users/amrit/mini projects/PlotKAre-temp/PLotKAre-temp1/webpage/.next/dev/static/chunks/node_modules_next_dist_115brz8._.js:2431:13)
[browser] THREE.WebGLShadowMap: PCFSoftShadowMap has been deprecated. Using PCFShadowMap instead. (file://C:/Users/amrit/mini projects/PlotKAre-temp/PLotKAre-temp1/webpage/.next/dev/static/chunks/node_modules_next_dist_115brz8._.js:2431:13)
[browser] THREE.WebGLShadowMap: PCFSoftShadowMap has been deprecated. Using PCFShadowMap instead. (file://C:/Users/amrit/mini projects/PlotKAre-temp/PLotKAre-temp1/webpage/.next/dev/static/chunks/node_modules_next_dist_115brz8._.js:2431:13)
[browser] THREE.WebGLShadowMap: PCFSoftShadowMap has been deprecated. Using PCFShadowMap instead. (file://C:/Users/amrit/mini projects/PlotKAre-temp/PLotKAre-temp1/webpage/.next/dev/static/chunks/node_modules_next_dist_115brz8._.js:2431:13)
[browser] THREE.WebGLShadowMap: PCFSoftShadowMap has been deprecated. Using PCFShadowMap instead. (file://C:/Users/amrit/mini projects/PlotKAre-temp/PLotKAre-temp1/webpage/.next/dev/static/chunks/node_modules_next_dist_115brz8._.js:2431:13)
[browser] THREE.WebGLShadowMap: PCFSoftShadowMap has been deprecated. Using PCFShadowMap instead. (file://C:/Users/amrit/mini projects/PlotKAre-temp/PLotKAre-temp1/webpage/.next/dev/static/chunks/node_modules_next_dist_115brz8._.js:2431:13)
[browser] THREE.WebGLShadowMap: PCFSoftShadowMap has been deprecated. Using PCFShadowMap instead. (file://C:/Users/amrit/mini projects/PlotKAre-temp/PLotKAre-temp1/webpage/.next/dev/static/chunks/node_modules_next_dist_115brz8._.js:2431:13)
[browser] THREE.WebGLShadowMap: PCFSoftShadowMap has been deprecated. Using PCFShadowMap instead. (file://C:/Users/amrit/mini projects/PlotKAre-temp/PLotKAre-temp1/webpage/.next/dev/static/chunks/node_modules_next_dist_115brz8._.js:2431:13)
[browser] THREE.WebGLShadowMap: PCFSoftShadowMap has been deprecated. Using PCFShadowMap instead. (file://C:/Users/amrit/mini projects/PlotKAre-temp/PLotKAre-temp1/webpage/.next/dev/static/chunks/node_modules_next_dist_115brz8._.js:2431:13)
[browser] THREE.WebGLShadowMap: PCFSoftShadowMap has been deprecated. Using PCFShadowMap instead. (file://C:/Users/amrit/mini projects/PlotKAre-temp/PLotKAre-temp1/webpage/.next/dev/static/chunks/node_modules_next_dist_115brz8._.js:2431:13)
[browser] THREE.WebGLShadowMap: PCFSoftShadowMap has been deprecated. Using PCFShadowMap instead. (file://C:/Users/amrit/mini projects/PlotKAre-temp/PLotKAre-temp1/webpage/.next/dev/static/chunks/node_modules_next_dist_115brz8._.js:2431:13)
[browser] THREE.WebGLShadowMap: PCFSoftShadowMap has been deprecated. Using PCFShadowMap instead. (file://C:/Users/amrit/mini projects/PlotKAre-temp/PLotKAre-temp1/webpage/.next/dev/static/chunks/node_modules_next_dist_115brz8._.js:2431:13)
[browser] THREE.WebGLShadowMap: PCFSoftShadowMap has been deprecated. Using PCFShadowMap instead. (file://C:/Users/amrit/mini projects/PlotKAre-temp/PLotKAre-temp1/webpage/.next/dev/static/chunks/node_modules_next_dist_115brz8._.js:2431:13)
[browser] THREE.WebGLShadowMap: PCFSoftShadowMap has been deprecated. Using PCFShadowMap instead. (file://C:/Users/amrit/mini projects/PlotKAre-temp/PLotKAre-temp1/webpage/.next/dev/static/chunks/node_modules_next_dist_115brz8._.js:2431:13)
[browser] THREE.WebGLShadowMap: PCFSoftShadowMap has been deprecated. Using PCFShadowMap instead. (file://C:/Users/amrit/mini projects/PlotKAre-temp/PLotKAre-temp1/webpage/.next/dev/static/chunks/node_modules_next_dist_115brz8._.js:2431:13)
[browser] THREE.WebGLShadowMap: PCFSoftShadowMap has been deprecated. Using PCFShadowMap instead. (file://C:/Users/amrit/mini projects/PlotKAre-temp/PLotKAre-temp1/webpage/.next/dev/static/chunks/node_modules_next_dist_115brz8._.js:2431:13)
[browser] THREE.WebGLShadowMap: PCFSoftShadowMap has been deprecated. Using PCFShadowMap instead. (file://C:/Users/amrit/mini projects/PlotKAre-temp/PLotKAre-temp1/webpage/.next/dev/static/chunks/node_modules_next_dist_115brz8._.js:2431:13)
[browser] THREE.WebGLShadowMap: PCFSoftShadowMap has been deprecated. Using PCFShadowMap instead. (file://C:/Users/amrit/mini projects/PlotKAre-temp/PLotKAre-temp1/webpage/.next/dev/static/chunks/node_modules_next_dist_115brz8._.js:2431:13)
[browser] THREE.WebGLShadowMap: PCFSoftShadowMap has been deprecated. Using PCFShadowMap instead. (file://C:/Users/amrit/mini projects/PlotKAre-temp/PLotKAre-temp1/webpage/.next/dev/static/chunks/node_modules_next_dist_115brz8._.js:2431:13)
[browser] THREE.WebGLShadowMap: PCFSoftShadowMap has been deprecated. Using PCFShadowMap instead. (file://C:/Users/amrit/mini projects/PlotKAre-temp/PLotKAre-temp1/webpage/.next/dev/static/chunks/node_modules_next_dist_115brz8._.js:2431:13)
[browser] THREE.WebGLShadowMap: PCFSoftShadowMap has been deprecated. Using PCFShadowMap instead. (file://C:/Users/amrit/mini projects/PlotKAre-temp/PLotKAre-temp1/webpage/.next/dev/static/chunks/node_modules_next_dist_115brz8._.js:2431:13)
[browser] THREE.WebGLShadowMap: PCFSoftShadowMap has been deprecated. Using PCFShadowMap instead. (file://C:/Users/amrit/mini projects/PlotKAre-temp/PLotKAre-temp1/webpage/.next/dev/static/chunks/node_modules_next_dist_115brz8._.js:2431:13)
[browser] THREE.WebGLShadowMap: PCFSoftShadowMap has been deprecated. Using PCFShadowMap instead. (file://C:/Users/amrit/mini projects/PlotKAre-temp/PLotKAre-temp1/webpage/.next/dev/static/chunks/node_modules_next_dist_115brz8._.js:2431:13)
[browser] THREE.WebGLShadowMap: PCFSoftShadowMap has been deprecated. Using PCFShadowMap instead. (file://C:/Users/amrit/mini projects/PlotKAre-temp/PLotKAre-temp1/webpage/.next/dev/static/chunks/node_modules_next_dist_115brz8._.js:2431:13)
[browser] THREE.WebGLShadowMap: PCFSoftShadowMap has been deprecated. Using PCFShadowMap instead. (file://C:/Users/amrit/mini projects/PlotKAre-temp/PLotKAre-temp1/webpage/.next/dev/static/chunks/node_modules_next_dist_115brz8._.js:2431:13)
[browser] THREE.WebGLShadowMap: PCFSoftShadowMap has been deprecated. Using PCFShadowMap instead. (file://C:/Users/amrit/mini projects/PlotKAre-temp/PLotKAre-temp1/webpage/.next/dev/static/chunks/node_modules_next_dist_115brz8._.js:2431:13)
[browser] THREE.WebGLShadowMap: PCFSoftShadowMap has been deprecated. Using PCFShadowMap instead. (file://C:/Users/amrit/mini projects/PlotKAre-temp/PLotKAre-temp1/webpage/.next/dev/static/chunks/node_modules_next_dist_115brz8._.js:2431:13)
[browser] THREE.WebGLShadowMap: PCFSoftShadowMap has been deprecated. Using PCFShadowMap instead. (file://C:/Users/amrit/mini projects/PlotKAre-temp/PLotKAre-temp1/webpage/.next/dev/static/chunks/node_modules_next_dist_115brz8._.js:2431:13)
[browser] THREE.WebGLShadowMap: PCFSoftShadowMap has been deprecated. Using PCFShadowMap instead. (file://C:/Users/amrit/mini projects/PlotKAre-temp/PLotKAre-temp1/webpage/.next/dev/static/chunks/node_modules_next_dist_115brz8._.js:2431:13)
[browser] THREE.WebGLShadowMap: PCFSoftShadowMap has been deprecated. Using PCFShadowMap instead. (file://C:/Users/amrit/mini projects/PlotKAre-temp/PLotKAre-temp1/webpage/.next/dev/static/chunks/node_modules_next_dist_115brz8._.js:2431:13)
[browser] THREE.WebGLShadowMap: PCFSoftShadowMap has been deprecated. Using PCFShadowMap instead. (file://C:/Users/amrit/mini projects/PlotKAre-temp/PLotKAre-temp1/webpage/.next/dev/static/chunks/node_modules_next_dist_115brz8._.js:2431:13)
[browser] THREE.WebGLShadowMap: PCFSoftShadowMap has been deprecated. Using PCFShadowMap instead. (file://C:/Users/amrit/mini projects/PlotKAre-temp/PLotKAre-temp1/webpage/.next/dev/static/chunks/node_modules_next_dist_115brz8._.js:2431:13)
[browser] THREE.WebGLShadowMap: PCFSoftShadowMap has been deprecated. Using PCFShadowMap instead. (file://C:/Users/amrit/mini projects/PlotKAre-temp/PLotKAre-temp1/webpage/.next/dev/static/chunks/node_modules_next_dist_115brz8._.js:2431:13)
[browser] THREE.WebGLShadowMap: PCFSoftShadowMap has been deprecated. Using PCFShadowMap instead. (file://C:/Users/amrit/mini projects/PlotKAre-temp/PLotKAre-temp1/webpage/.next/dev/static/chunks/node_modules_next_dist_115brz8._.js:2431:13)
[browser] THREE.WebGLShadowMap: PCFSoftShadowMap has been deprecated. Using PCFShadowMap instead. (file://C:/Users/amrit/mini projects/PlotKAre-temp/PLotKAre-temp1/webpage/.next/dev/static/chunks/node_modules_next_dist_115brz8._.js:2431:13)
[browser] THREE.WebGLShadowMap: PCFSoftShadowMap has been deprecated. Using PCFShadowMap instead. (file://C:/Users/amrit/mini projects/PlotKAre-temp/PLotKAre-temp1/webpage/.next/dev/static/chunks/node_modules_next_dist_115brz8._.js:2431:13)
[browser] THREE.WebGLShadowMap: PCFSoftShadowMap has been deprecated. Using PCFShadowMap instead. (file://C:/Users/amrit/mini projects/PlotKAre-temp/PLotKAre-temp1/webpage/.next/dev/static/chunks/node_modules_next_dist_115brz8._.js:2431:13)
[browser] THREE.WebGLShadowMap: PCFSoftShadowMap has been deprecated. Using PCFShadowMap instead. (file://C:/Users/amrit/mini projects/PlotKAre-temp/PLotKAre-temp1/webpage/.next/dev/static/chunks/node_modules_next_dist_115brz8._.js:2431:13)
[browser] THREE.WebGLShadowMap: PCFSoftShadowMap has been deprecated. Using PCFShadowMap instead. (file://C:/Users/amrit/mini projects/PlotKAre-temp/PLotKAre-temp1/webpage/.next/dev/static/chunks/node_modules_next_dist_115brz8._.js:2431:13)
[browser] THREE.WebGLShadowMap: PCFSoftShadowMap has been deprecated. Using PCFShadowMap instead. (file://C:/Users/amrit/mini projects/PlotKAre-temp/PLotKAre-temp1/webpage/.next/dev/static/chunks/node_modules_next_dist_115brz8._.js:2431:13)
[browser] THREE.WebGLShadowMap: PCFSoftShadowMap has been deprecated. Using PCFShadowMap instead. (file://C:/Users/amrit/mini projects/PlotKAre-temp/PLotKAre-temp1/webpage/.next/dev/static/chunks/node_modules_next_dist_115brz8._.js:2431:13)
[browser] THREE.WebGLShadowMap: PCFSoftShadowMap has been deprecated. Using PCFShadowMap instead. (file://C:/Users/amrit/mini projects/PlotKAre-temp/PLotKAre-temp1/webpage/.next/dev/static/chunks/node_modules_next_dist_115brz8._.js:2431:13)
[browser] THREE.WebGLShadowMap: PCFSoftShadowMap has been deprecated. Using PCFShadowMap instead. (file://C:/Users/amrit/mini projects/PlotKAre-temp/PLotKAre-temp1/webpage/.next/dev/static/chunks/node_modules_next_dist_115brz8._.js:2431:13)
[browser] THREE.WebGLShadowMap: PCFSoftShadowMap has been deprecated. Using PCFShadowMap instead. (file://C:/Users/amrit/mini projects/PlotKAre-temp/PLotKAre-temp1/webpage/.next/dev/static/chunks/node_modules_next_dist_115brz8._.js:2431:13)
[browser] THREE.WebGLShadowMap: PCFSoftShadowMap has been deprecated. Using PCFShadowMap instead. (file://C:/Users/amrit/mini projects/PlotKAre-temp/PLotKAre-temp1/webpage/.next/dev/static/chunks/node_modules_next_dist_115brz8._.js:2431:13)
[browser] THREE.WebGLShadowMap: PCFSoftShadowMap has been deprecated. Using PCFShadowMap instead. (file://C:/Users/amrit/mini projects/PlotKAre-temp/PLotKAre-temp1/webpage/.next/dev/static/chunks/node_modules_next_dist_115brz8._.js:2431:13)
[browser] THREE.WebGLShadowMap: PCFSoftShadowMap has been deprecated. Using PCFShadowMap instead. (file://C:/Users/amrit/mini projects/PlotKAre-temp/PLotKAre-temp1/webpage/.next/dev/static/chunks/node_modules_next_dist_115brz8._.js:2431:13)
[browser] THREE.WebGLShadowMap: PCFSoftShadowMap has been deprecated. Using PCFShadowMap instead. (file://C:/Users/amrit/mini projects/PlotKAre-temp/PLotKAre-temp1/webpage/.next/dev/static/chunks/node_modules_next_dist_115brz8._.js:2431:13)
[browser] THREE.WebGLShadowMap: PCFSoftShadowMap has been deprecated. Using PCFShadowMap instead. (file://C:/Users/amrit/mini projects/PlotKAre-temp/PLotKAre-temp1/webpage/.next/dev/static/chunks/node_modules_next_dist_115brz8._.js:2431:13)
[browser] THREE.WebGLShadowMap: PCFSoftShadowMap has been deprecated. Using PCFShadowMap instead. (file://C:/Users/amrit/mini projects/PlotKAre-temp/PLotKAre-temp1/webpage/.next/dev/static/chunks/node_modules_next_dist_115brz8._.js:2431:13)
[browser] THREE.WebGLShadowMap: PCFSoftShadowMap has been deprecated. Using PCFShadowMap instead. (file://C:/Users/amrit/mini projects/PlotKAre-temp/PLotKAre-temp1/webpage/.next/dev/static/chunks/node_modules_next_dist_115brz8._.js:2431:13)
[browser] THREE.WebGLShadowMap: PCFSoftShadowMap has been deprecated. Using PCFShadowMap instead. (file://C:/Users/amrit/mini projects/PlotKAre-temp/PLotKAre-temp1/webpage/.next/dev/static/chunks/node_modules_next_dist_115brz8._.js:2431:13)
[browser] THREE.WebGLShadowMap: PCFSoftShadowMap has been deprecated. Using PCFShadowMap instead. (file://C:/Users/amrit/mini projects/PlotKAre-temp/PLotKAre-temp1/webpage/.next/dev/static/chunks/node_modules_next_dist_115brz8._.js:2431:13)
[browser] THREE.WebGLShadowMap: PCFSoftShadowMap has been deprecated. Using PCFShadowMap instead. (file://C:/Users/amrit/mini projects/PlotKAre-temp/PLotKAre-temp1/webpage/.next/dev/static/chunks/node_modules_next_dist_115brz8._.js:2431:13)
[browser] THREE.WebGLShadowMap: PCFSoftShadowMap has been deprecated. Using PCFShadowMap instead. (file://C:/Users/amrit/mini projects/PlotKAre-temp/PLotKAre-temp1/webpage/.next/dev/static/chunks/node_modules_next_dist_115brz8._.js:2431:13)
[browser] THREE.WebGLShadowMap: PCFSoftShadowMap has been deprecated. Using PCFShadowMap instead. (file://C:/Users/amrit/mini projects/PlotKAre-temp/PLotKAre-temp1/webpage/.next/dev/static/chunks/node_modules_next_dist_115brz8._.js:2431:13)
[browser] THREE.WebGLShadowMap: PCFSoftShadowMap has been deprecated. Using PCFShadowMap instead. (file://C:/Users/amrit/mini projects/PlotKAre-temp/PLotKAre-temp1/webpage/.next/dev/static/chunks/node_modules_next_dist_115brz8._.js:2431:13)
[browser] THREE.WebGLShadowMap: PCFSoftShadowMap has been deprecated. Using PCFShadowMap instead. (file://C:/Users/amrit/mini projects/PlotKAre-temp/PLotKAre-temp1/webpage/.next/dev/static/chunks/node_modules_next_dist_115brz8._.js:2431:13)
[browser] THREE.WebGLShadowMap: PCFSoftShadowMap has been deprecated. Using PCFShadowMap instead. (file://C:/Users/amrit/mini projects/PlotKAre-temp/PLotKAre-temp1/webpage/.next/dev/static/chunks/node_modules_next_dist_115brz8._.js:2431:13)
[browser] THREE.WebGLShadowMap: PCFSoftShadowMap has been deprecated. Using PCFShadowMap instead. (file://C:/Users/amrit/mini projects/PlotKAre-temp/PLotKAre-temp1/webpage/.next/dev/static/chunks/node_modules_next_dist_115brz8._.js:2431:13)
[browser] THREE.WebGLShadowMap: PCFSoftShadowMap has been deprecated. Using PCFShadowMap instead. (file://C:/Users/amrit/mini projects/PlotKAre-temp/PLotKAre-temp1/webpage/.next/dev/static/chunks/node_modules_next_dist_115brz8._.js:2431:13)
[browser] THREE.WebGLShadowMap: PCFSoftShadowMap has been deprecated. Using PCFShadowMap instead. (file://C:/Users/amrit/mini projects/PlotKAre-temp/PLotKAre-temp1/webpage/.next/dev/static/chunks/node_modules_next_dist_115brz8._.js:2431:13)
[browser] THREE.WebGLShadowMap: PCFSoftShadowMap has been deprecated. Using PCFShadowMap instead. (file://C:/Users/amrit/mini projects/PlotKAre-temp/PLotKAre-temp1/webpage/.next/dev/static/chunks/node_modules_next_dist_115brz8._.js:2431:13)
[browser] THREE.WebGLShadowMap: PCFSoftShadowMap has been deprecated. Using PCFShadowMap instead. (file://C:/Users/amrit/mini projects/PlotKAre-temp/PLotKAre-temp1/webpage/.next/dev/static/chunks/node_modules_next_dist_115brz8._.js:2431:13)
[browser] THREE.WebGLShadowMap: PCFSoftShadowMap has been deprecated. Using PCFShadowMap instead. (file://C:/Users/amrit/mini projects/PlotKAre-temp/PLotKAre-temp1/webpage/.next/dev/static/chunks/node_modules_next_dist_115brz8._.js:2431:13)
[browser] THREE.WebGLShadowMap: PCFSoftShadowMap has been deprecated. Using PCFShadowMap instead. (file://C:/Users/amrit/mini projects/PlotKAre-temp/PLotKAre-temp1/webpage/.next/dev/static/chunks/node_modules_next_dist_115brz8._.js:2431:13)
[browser] THREE.WebGLShadowMap: PCFSoftShadowMap has been deprecated. Using PCFShadowMap instead. (file://C:/Users/amrit/mini projects/PlotKAre-temp/PLotKAre-temp1/webpage/.next/dev/static/chunks/node_modules_next_dist_115brz8._.js:2431:13)
[browser] THREE.WebGLShadowMap: PCFSoftShadowMap has been deprecated. Using PCFShadowMap instead. (file://C:/Users/amrit/mini projects/PlotKAre-temp/PLotKAre-temp1/webpage/.next/dev/static/chunks/node_modules_next_dist_115brz8._.js:2431:13)
[browser] THREE.WebGLShadowMap: PCFSoftShadowMap has been deprecated. Using PCFShadowMap instead. (file://C:/Users/amrit/mini projects/PlotKAre-temp/PLotKAre-temp1/webpage/.next/dev/static/chunks/node_modules_next_dist_115brz8._.js:2431:13)
[browser] THREE.WebGLShadowMap: PCFSoftShadowMap has been deprecated. Using PCFShadowMap instead. (file://C:/Users/amrit/mini projects/PlotKAre-temp/PLotKAre-temp1/webpage/.next/dev/static/chunks/node_modules_next_dist_115brz8._.js:2431:13)
[browser] THREE.WebGLShadowMap: PCFSoftShadowMap has been deprecated. Using PCFShadowMap instead. (file://C:/Users/amrit/mini projects/PlotKAre-temp/PLotKAre-temp1/webpage/.next/dev/static/chunks/node_modules_next_dist_115brz8._.js:2431:13)
[browser] THREE.WebGLShadowMap: PCFSoftShadowMap has been deprecated. Using PCFShadowMap instead. (file://C:/Users/amrit/mini projects/PlotKAre-temp/PLotKAre-temp1/webpage/.next/dev/static/chunks/node_modules_next_dist_115brz8._.js:2431:13)
[browser] THREE.WebGLShadowMap: PCFSoftShadowMap has been deprecated. Using PCFShadowMap instead. (file://C:/Users/amrit/mini projects/PlotKAre-temp/PLotKAre-temp1/webpage/.next/dev/static/chunks/node_modules_next_dist_115brz8._.js:2431:13)
[browser] THREE.WebGLShadowMap: PCFSoftShadowMap has been deprecated. Using PCFShadowMap instead. (file://C:/Users/amrit/mini projects/PlotKAre-temp/PLotKAre-temp1/webpage/.next/dev/static/chunks/node_modules_next_dist_115brz8._.js:2431:13)
[browser] THREE.WebGLShadowMap: PCFSoftShadowMap has been deprecated. Using PCFShadowMap instead. (file://C:/Users/amrit/mini projects/PlotKAre-temp/PLotKAre-temp1/webpage/.next/dev/static/chunks/node_modules_next_dist_115brz8._.js:2431:13)
[browser] THREE.WebGLShadowMap: PCFSoftShadowMap has been deprecated. Using PCFShadowMap instead. (file://C:/Users/amrit/mini projects/PlotKAre-temp/PLotKAre-temp1/webpage/.next/dev/static/chunks/node_modules_next_dist_115brz8._.js:2431:13)
[browser] THREE.WebGLShadowMap: PCFSoftShadowMap has been deprecated. Using PCFShadowMap instead. (file://C:/Users/amrit/mini projects/PlotKAre-temp/PLotKAre-temp1/webpage/.next/dev/static/chunks/node_modules_next_dist_115brz8._.js:2431:13)
[browser] THREE.WebGLShadowMap: PCFSoftShadowMap has been deprecated. Using PCFShadowMap instead. (file://C:/Users/amrit/mini projects/PlotKAre-temp/PLotKAre-temp1/webpage/.next/dev/static/chunks/node_modules_next_dist_115brz8._.js:2431:13)
[browser] THREE.WebGLShadowMap: PCFSoftShadowMap has been deprecated. Using PCFShadowMap instead. (file://C:/Users/amrit/mini projects/PlotKAre-temp/PLotKAre-temp1/webpage/.next/dev/static/chunks/node_modules_next_dist_115brz8._.js:2431:13)
[browser] THREE.WebGLShadowMap: PCFSoftShadowMap has been deprecated. Using PCFShadowMap instead. (file://C:/Users/amrit/mini projects/PlotKAre-temp/PLotKAre-temp1/webpage/.next/dev/static/chunks/node_modules_next_dist_115brz8._.js:2431:13)
[browser] THREE.WebGLShadowMap: PCFSoftShadowMap has been deprecated. Using PCFShadowMap instead. (file://C:/Users/amrit/mini projects/PlotKAre-temp/PLotKAre-temp1/webpage/.next/dev/static/chunks/node_modules_next_dist_115brz8._.js:2431:13)
[browser] THREE.WebGLShadowMap: PCFSoftShadowMap has been deprecated. Using PCFShadowMap instead. (file://C:/Users/amrit/mini projects/PlotKAre-temp/PLotKAre-temp1/webpage/.next/dev/static/chunks/node_modules_next_dist_115brz8._.js:2431:13)
[browser] THREE.WebGLShadowMap: PCFSoftShadowMap has been deprecated. Using PCFShadowMap instead. (file://C:/Users/amrit/mini projects/PlotKAre-temp/PLotKAre-temp1/webpage/.next/dev/static/chunks/node_modules_next_dist_115brz8._.js:2431:13)
[browser] THREE.WebGLShadowMap: PCFSoftShadowMap has been deprecated. Using PCFShadowMap instead. (file://C:/Users/amrit/mini projects/PlotKAre-temp/PLotKAre-temp1/webpage/.next/dev/static/chunks/node_modules_next_dist_115brz8._.js:2431:13)
[browser] THREE.WebGLShadowMap: PCFSoftShadowMap has been deprecated. Using PCFShadowMap instead. (file://C:/Users/amrit/mini projects/PlotKAre-temp/PLotKAre-temp1/webpage/.next/dev/static/chunks/node_modules_next_dist_115brz8._.js:2431:13)
[browser] THREE.WebGLShadowMap: PCFSoftShadowMap has been deprecated. Using PCFShadowMap instead. (file://C:/Users/amrit/mini projects/PlotKAre-temp/PLotKAre-temp1/webpage/.next/dev/static/chunks/node_modules_next_dist_115brz8._.js:2431:13)
[browser] THREE.WebGLShadowMap: PCFSoftShadowMap has been deprecated. Using PCFShadowMap instead. (file://C:/Users/amrit/mini projects/PlotKAre-temp/PLotKAre-temp1/webpage/.next/dev/static/chunks/node_modules_next_dist_115brz8._.js:2431:13)
[browser] THREE.WebGLShadowMap: PCFSoftShadowMap has been deprecated. Using PCFShadowMap instead. (file://C:/Users/amrit/mini projects/PlotKAre-temp/PLotKAre-temp1/webpage/.next/dev/static/chunks/node_modules_next_dist_115brz8._.js:2431:13)
[browser] THREE.WebGLShadowMap: PCFSoftShadowMap has been deprecated. Using PCFShadowMap instead. (file://C:/Users/amrit/mini projects/PlotKAre-temp/PLotKAre-temp1/webpage/.next/dev/static/chunks/node_modules_next_dist_115brz8._.js:2431:13)
[browser] THREE.WebGLShadowMap: PCFSoftShadowMap has been deprecated. Using PCFShadowMap instead. (file://C:/Users/amrit/mini projects/PlotKAre-temp/PLotKAre-temp1/webpage/.next/dev/static/chunks/node_modules_next_dist_115brz8._.js:2431:13)
[browser] THREE.WebGLShadowMap: PCFSoftShadowMap has been deprecated. Using PCFShadowMap instead. (file://C:/Users/amrit/mini projects/PlotKAre-temp/PLotKAre-temp1/webpage/.next/dev/static/chunks/node_modules_next_dist_115brz8._.js:2431:13)
[browser] THREE.WebGLShadowMap: PCFSoftShadowMap has been deprecated. Using PCFShadowMap instead. (file://C:/Users/amrit/mini projects/PlotKAre-temp/PLotKAre-temp1/webpage/.next/dev/static/chunks/node_modules_next_dist_115brz8._.js:2431:13)
[browser] THREE.WebGLShadowMap: PCFSoftShadowMap has been deprecated. Using PCFShadowMap instead. (file://C:/Users/amrit/mini projects/PlotKAre-temp/PLotKAre-temp1/webpage/.next/dev/static/chunks/node_modules_next_dist_115brz8._.js:2431:13)
[browser] THREE.WebGLShadowMap: PCFSoftShadowMap has been deprecated. Using PCFShadowMap instead. (file://C:/Users/amrit/mini projects/PlotKAre-temp/PLotKAre-temp1/webpage/.next/dev/static/chunks/node_modules_next_dist_115brz8._.js:2431:13)
[browser] THREE.WebGLShadowMap: PCFSoftShadowMap has been deprecated. Using PCFShadowMap instead. (file://C:/Users/amrit/mini projects/PlotKAre-temp/PLotKAre-temp1/webpage/.next/dev/static/chunks/node_modules_next_dist_115brz8._.js:2431:13)
[browser] THREE.WebGLShadowMap: PCFSoftShadowMap has been deprecated. Using PCFShadowMap instead. (file://C:/Users/amrit/mini projects/PlotKAre-temp/PLotKAre-temp1/webpage/.next/dev/static/chunks/node_modules_next_dist_115brz8._.js:2431:13)
[browser] THREE.WebGLShadowMap: PCFSoftShadowMap has been deprecated. Using PCFShadowMap instead. (file://C:/Users/amrit/mini projects/PlotKAre-temp/PLotKAre-temp1/webpage/.next/dev/static/chunks/node_modules_next_dist_115brz8._.js:2431:13)
[browser] THREE.WebGLShadowMap: PCFSoftShadowMap has been deprecated. Using PCFShadowMap instead. (file://C:/Users/amrit/mini projects/PlotKAre-temp/PLotKAre-temp1/webpage/.next/dev/static/chunks/node_modules_next_dist_115brz8._.js:2431:13)
[browser] THREE.WebGLShadowMap: PCFSoftShadowMap has been deprecated. Using PCFShadowMap instead. (file://C:/Users/amrit/mini projects/PlotKAre-temp/PLotKAre-temp1/webpage/.next/dev/static/chunks/node_modules_next_dist_115brz8._.js:2431:13)
[browser] THREE.WebGLShadowMap: PCFSoftShadowMap has been deprecated. Using PCFShadowMap instead. (file://C:/Users/amrit/mini projects/PlotKAre-temp/PLotKAre-temp1/webpage/.next/dev/static/chunks/node_modules_next_dist_115brz8._.js:2431:13)
[browser] THREE.WebGLShadowMap: PCFSoftShadowMap has been deprecated. Using PCFShadowMap instead. (file://C:/Users/amrit/mini projects/PlotKAre-temp/PLotKAre-temp1/webpage/.next/dev/static/chunks/node_modules_next_dist_115brz8._.js:2431:13)
[browser] THREE.WebGLShadowMap: PCFSoftShadowMap has been deprecated. Using PCFShadowMap instead. (file://C:/Users/amrit/mini projects/PlotKAre-temp/PLotKAre-temp1/webpage/.next/dev/static/chunks/node_modules_next_dist_115brz8._.js:2431:13)
[browser] THREE.WebGLShadowMap: PCFSoftShadowMap has been deprecated. Using PCFShadowMap instead. (file://C:/Users/amrit/mini projects/PlotKAre-temp/PLotKAre-temp1/webpage/.next/dev/static/chunks/node_modules_next_dist_115brz8._.js:2431:13)
[browser] THREE.WebGLShadowMap: PCFSoftShadowMap has been deprecated. Using PCFShadowMap instead. (file://C:/Users/amrit/mini projects/PlotKAre-temp/PLotKAre-temp1/webpage/.next/dev/static/chunks/node_modules_next_dist_115brz8._.js:2431:13)
[browser] THREE.WebGLShadowMap: PCFSoftShadowMap has been deprecated. Using PCFShadowMap instead. (file://C:/Users/amrit/mini projects/PlotKAre-temp/PLotKAre-temp1/webpage/.next/dev/static/chunks/node_modules_next_dist_115brz8._.js:2431:13)
[browser] THREE.WebGLShadowMap: PCFSoftShadowMap has been deprecated. Using PCFShadowMap instead. (file://C:/Users/amrit/mini projects/PlotKAre-temp/PLotKAre-temp1/webpage/.next/dev/static/chunks/node_modules_next_dist_115brz8._.js:2431:13)
[browser] THREE.WebGLShadowMap: PCFSoftShadowMap has been deprecated. Using PCFShadowMap instead. (file://C:/Users/amrit/mini projects/PlotKAre-temp/PLotKAre-temp1/webpage/.next/dev/static/chunks/node_modules_next_dist_115brz8._.js:2431:13)
[browser] THREE.WebGLShadowMap: PCFSoftShadowMap has been deprecated. Using PCFShadowMap instead. (file://C:/Users/amrit/mini projects/PlotKAre-temp/PLotKAre-temp1/webpage/.next/dev/static/chunks/node_modules_next_dist_115brz8._.js:2431:13)
[browser] THREE.WebGLShadowMap: PCFSoftShadowMap has been deprecated. Using PCFShadowMap instead. (file://C:/Users/amrit/mini projects/PlotKAre-temp/PLotKAre-temp1/webpage/.next/dev/static/chunks/node_modules_next_dist_115brz8._.js:2431:13)
[browser] THREE.WebGLShadowMap: PCFSoftShadowMap has been deprecated. Using PCFShadowMap instead. (file://C:/Users/amrit/mini projects/PlotKAre-temp/PLotKAre-temp1/webpage/.next/dev/static/chunks/node_modules_next_dist_115brz8._.js:2431:13)
[browser] THREE.WebGLShadowMap: PCFSoftShadowMap has been deprecated. Using PCFShadowMap instead. (file://C:/Users/amrit/mini projects/PlotKAre-temp/PLotKAre-temp1/webpage/.next/dev/static/chunks/node_modules_next_dist_115brz8._.js:2431:13)
[browser] THREE.WebGLShadowMap: PCFSoftShadowMap has been deprecated. Using PCFShadowMap instead. (file://C:/Users/amrit/mini projects/PlotKAre-temp/PLotKAre-temp1/webpage/.next/dev/static/chunks/node_modules_next_dist_115brz8._.js:2431:13)
[browser] THREE.WebGLShadowMap: PCFSoftShadowMap has been deprecated. Using PCFShadowMap instead. (file://C:/Users/amrit/mini projects/PlotKAre-temp/PLotKAre-temp1/webpage/.next/dev/static/chunks/node_modules_next_dist_115brz8._.js:2431:13)
[browser] THREE.WebGLShadowMap: PCFSoftShadowMap has been deprecated. Using PCFShadowMap instead. (file://C:/Users/amrit/mini projects/PlotKAre-temp/PLotKAre-temp1/webpage/.next/dev/static/chunks/node_modules_next_dist_115brz8._.js:2431:13)
[browser] THREE.WebGLShadowMap: PCFSoftShadowMap has been deprecated. Using PCFShadowMap instead. (file://C:/Users/amrit/mini projects/PlotKAre-temp/PLotKAre-temp1/webpage/.next/dev/static/chunks/node_modules_next_dist_115brz8._.js:2431:13)
[browser] THREE.WebGLShadowMap: PCFSoftShadowMap has been deprecated. Using PCFShadowMap instead. (file://C:/Users/amrit/mini projects/PlotKAre-temp/PLotKAre-temp1/webpage/.next/dev/static/chunks/node_modules_next_dist_115brz8._.js:2431:13)
[browser] THREE.Clock: This module has been deprecated. Please use THREE.Timer instead. (file://C:/Users/amrit/mini projects/PlotKAre-temp/PLotKAre-temp1/webpage/.next/dev/static/chunks/node_modules_next_dist_115brz8._.js:2431:13)
[browser] THREE.WebGLShadowMap: PCFSoftShadowMap has been deprecated. Using PCFShadowMap instead. (file://C:/Users/amrit/mini projects/PlotKAre-temp/PLotKAre-temp1/webpage/.next/dev/static/chunks/node_modules_next_dist_115brz8._.js:2431:13)
[browser] Uncaught Error: Hydration failed because the server rendered HTML didn't match the client. As a result this tree will be regenerated on the client. This can happen if a SSR-ed Client Component used:

- A server/client branch `if (typeof window !== 'undefined')`.
- Variable input such as `Date.now()` or `Math.random()` which changes each time it's called.
- Date formatting in a user's locale which doesn't match the server.
- External changing data without sending a snapshot of it along with the HTML.
- Invalid HTML tag nesting.

It can also happen if the client has a browser extension installed which messes with the HTML before React loaded.

https://react.dev/link/hydration-mismatch

  ...
    <RedirectBoundary>
      <RedirectErrorBoundary router={{...}}>
        <InnerLayoutRouter url="/" tree={[...]} params={{}} cacheNode={{rsc:{...}, ...}} segmentPath={[...]} ...>
          <SegmentViewNode type="page" pagePath="page.tsx">
            <SegmentTrieNode>
            <HomePage>
              <main>
                <Navigation>
                <HeroSection>
                <TrustStrip>
                <ProblemSection>
                <ServicesSection>
                <PlotVisualizationSection>
                <HowItWorksSection>
                <LandUtilisationSection>
                <StatisticsSection>
                <AvailablePlotsShowcaseSection>
                <PricingSection>
                <MonitoringInsightsSection>
                <AwardsSection>
                <NewsroomSection>
                <ContactSection>
                  <section id="contact" className="bg-seconda...">
                    <div className="mx-auto ma...">
                      <motion.div>
                      <motion.div initial={{opacity:0,y:16}} whileInView={{opacity:1,y:0}} viewport={{once:true}} ...>
                        <div className="mt-10 grid..." style={{opacity:0, ...}} ref={function useMotionRef.useCallback}>
                          <div>
                          <div>
                            <form onSubmit={function handleSubmit} className="space-y-5">
                              <div>
                              <div
-                               style={{position:"relative"}}
                              >
-                               <div data-v-4914bf38="">
                              ...
                ...
          ...
        ...

    at <unknown> (https://react.dev/link/hydration-mismatch)
    at throwOnHydrationMismatch (file://C:/Users/amrit/mini projects/PlotKAre-temp/PLotKAre-temp1/webpage/.next/dev/static/chunks/node_modules_next_dist_compiled_react-dom_058-ah~._.js:3318:56)
    at popHydrationState (file://C:/Users/amrit/mini projects/PlotKAre-temp/PLotKAre-temp1/webpage/.next/dev/static/chunks/node_modules_next_dist_compiled_react-dom_058-ah~._.js:3403:13)
    at completeWork (file://C:/Users/amrit/mini projects/PlotKAre-temp/PLotKAre-temp1/webpage/.next/dev/static/chunks/node_modules_next_dist_compiled_react-dom_058-ah~._.js:6922:25)
    at runWithFiberInDEV (file://C:/Users/amrit/mini projects/PlotKAre-temp/PLotKAre-temp1/webpage/.next/dev/static/chunks/node_modules_next_dist_compiled_react-dom_058-ah~._.js:965:74)
    at completeUnitOfWork (file://C:/Users/amrit/mini projects/PlotKAre-temp/PLotKAre-temp1/webpage/.next/dev/static/chunks/node_modules_next_dist_compiled_react-dom_058-ah~._.js:9622:23)
    at performUnitOfWork (file://C:/Users/amrit/mini projects/PlotKAre-temp/PLotKAre-temp1/webpage/.next/dev/static/chunks/node_modules_next_dist_compiled_react-dom_058-ah~._.js:9557:28)
    at workLoopConcurrentByScheduler (file://C:/Users/amrit/mini projects/PlotKAre-temp/PLotKAre-temp1/webpage/.next/dev/static/chunks/node_modules_next_dist_compiled_react-dom_058-ah~._.js:9551:58)
    at renderRootConcurrent (file://C:/Users/amrit/mini projects/PlotKAre-temp/PLotKAre-temp1/webpage/.next/dev/static/chunks/node_modules_next_dist_compiled_react-dom_058-ah~._.js:9534:71)
    at performWorkOnRoot (file://C:/Users/amrit/mini projects/PlotKAre-temp/PLotKAre-temp1/webpage/.next/dev/static/chunks/node_modules_next_dist_compiled_react-dom_058-ah~._.js:9061:150)
    at performWorkOnRootViaSchedulerTask (file://C:/Users/amrit/mini projects/PlotKAre-temp/PLotKAre-temp1/webpage/.next/dev/static/chunks/node_modules_next_dist_compiled_react-dom_058-ah~._.js:10255:9)
    at MessagePort.performWorkUntilDeadline (file://C:/Users/amrit/mini projects/PlotKAre-temp/PLotKAre-temp1/webpage/.next/dev/static/chunks/node_modules_next_dist_compiled_0rpq4pf._.js:2647:64)
    at div (<anonymous>)
    at ContactSection (file://C:/Users/amrit/mini projects/PlotKAre-temp/PLotKAre-temp1/webpage/.next/dev/static/chunks/_0p393f0._.js:10330:239)
    at HomePage (app\page.tsx:63:7)
  61 |       <AwardsSection />
  62 |       <NewsroomSection />
> 63 |       <ContactSection />
     |       ^
  64 |       <Footer />
  65 |       <FloatingContactCta />
  66 |     </main>
[browser] THREE.WebGLShadowMap: PCFSoftShadowMap has been deprecated. Using PCFShadowMap instead. (file://C:/Users/amrit/mini projects/PlotKAre-temp/PLotKAre-temp1/webpage/.next/dev/static/chunks/node_modules_next_dist_115brz8._.js:2431:13)
[browser] THREE.WebGLShadowMap: PCFSoftShadowMap has been deprecated. Using PCFShadowMap instead. (file://C:/Users/amrit/mini projects/PlotKAre-temp/PLotKAre-temp1/webpage/.next/dev/static/chunks/node_modules_next_dist_115brz8._.js:2431:13)
[browser] THREE.WebGLShadowMap: PCFSoftShadowMap has been deprecated. Using PCFShadowMap instead. (file://C:/Users/amrit/mini projects/PlotKAre-temp/PLotKAre-temp1/webpage/.next/dev/static/chunks/node_modules_next_dist_115brz8._.js:2431:13)
[browser] THREE.WebGLShadowMap: PCFSoftShadowMap has been deprecated. Using PCFShadowMap instead. (file://C:/Users/amrit/mini projects/PlotKAre-temp/PLotKAre-temp1/webpage/.next/dev/static/chunks/node_modules_next_dist_115brz8._.js:2431:13)
[browser] THREE.WebGLShadowMap: PCFSoftShadowMap has been deprecated. Using PCFShadowMap instead. (file://C:/Users/amrit/mini projects/PlotKAre-temp/PLotKAre-temp1/webpage/.next/dev/static/chunks/node_modules_next_dist_115brz8._.js:2431:13)
[browser] THREE.WebGLShadowMap: PCFSoftShadowMap has been deprecated. Using PCFShadowMap instead. (file://C:/Users/amrit/mini projects/PlotKAre-temp/PLotKAre-temp1/webpage/.next/dev/static/chunks/node_modules_next_dist_115brz8._.js:2431:13)
[browser] THREE.WebGLShadowMap: PCFSoftShadowMap has been deprecated. Using PCFShadowMap instead. (file://C:/Users/amrit/mini projects/PlotKAre-temp/PLotKAre-temp1/webpage/.next/dev/static/chunks/node_modules_next_dist_115brz8._.js:2431:13)
[browser] THREE.WebGLShadowMap: PCFSoftShadowMap has been deprecated. Using PCFShadowMap instead. (file://C:/Users/amrit/mini projects/PlotKAre-temp/PLotKAre-temp1/webpage/.next/dev/static/chunks/node_modules_next_dist_115brz8._.js:2431:13)
[browser] THREE.WebGLShadowMap: PCFSoftShadowMap has been deprecated. Using PCFShadowMap instead. (file://C:/Users/amrit/mini projects/PlotKAre-temp/PLotKAre-temp1/webpage/.next/dev/static/chunks/node_modules_next_dist_115brz8._.js:2431:13)
[browser] THREE.WebGLShadowMap: PCFSoftShadowMap has been deprecated. Using PCFShadowMap instead. (file://C:/Users/amrit/mini projects/PlotKAre-temp/PLotKAre-temp1/webpage/.next/dev/static/chunks/node_modules_next_dist_115brz8._.js:2431:13)
[browser] THREE.WebGLShadowMap: PCFSoftShadowMap has been deprecated. Using PCFShadowMap instead. (file://C:/Users/amrit/mini projects/PlotKAre-temp/PLotKAre-temp1/webpage/.next/dev/static/chunks/node_modules_next_dist_115brz8._.js:2431:13)
[browser] THREE.WebGLShadowMap: PCFSoftShadowMap has been deprecated. Using PCFShadowMap instead. (file://C:/Users/amrit/mini projects/PlotKAre-temp/PLotKAre-temp1/webpage/.next/dev/static/chunks/node_modules_next_dist_115brz8._.js:2431:13)
[browser] THREE.WebGLShadowMap: PCFSoftShadowMap has been deprecated. Using PCFShadowMap instead. (file://C:/Users/amrit/mini projects/PlotKAre-temp/PLotKAre-temp1/webpage/.next/dev/static/chunks/node_modules_next_dist_115brz8._.js:2431:13)
[browser] THREE.WebGLShadowMap: PCFSoftShadowMap has been deprecated. Using PCFShadowMap instead. (file://C:/Users/amrit/mini projects/PlotKAre-temp/PLotKAre-temp1/webpage/.next/dev/static/chunks/node_modules_next_dist_115brz8._.js:2431:13)
[browser] THREE.WebGLShadowMap: PCFSoftShadowMap has been deprecated. Using PCFShadowMap instead. (file://C:/Users/amrit/mini projects/PlotKAre-temp/PLotKAre-temp1/webpage/.next/dev/static/chunks/node_modules_next_dist_115brz8._.js:2431:13)
[browser] THREE.WebGLShadowMap: PCFSoftShadowMap has been deprecated. Using PCFShadowMap instead. (file://C:/Users/amrit/mini projects/PlotKAre-temp/PLotKAre-temp1/webpage/.next/dev/static/chunks/node_modules_next_dist_115brz8._.js:2431:13)
[browser] THREE.WebGLShadowMap: PCFSoftShadowMap has been deprecated. Using PCFShadowMap instead. (file://C:/Users/amrit/mini projects/PlotKAre-temp/PLotKAre-temp1/webpage/.next/dev/static/chunks/node_modules_next_dist_115brz8._.js:2431:13)
[browser] THREE.WebGLShadowMap: PCFSoftShadowMap has been deprecated. Using PCFShadowMap instead. (file://C:/Users/amrit/mini projects/PlotKAre-temp/PLotKAre-temp1/webpage/.next/dev/static/chunks/node_modules_next_dist_115brz8._.js:2431:13)
[browser] THREE.WebGLShadowMap: PCFSoftShadowMap has been deprecated. Using PCFShadowMap instead. (file://C:/Users/amrit/mini projects/PlotKAre-temp/PLotKAre-temp1/webpage/.next/dev/static/chunks/node_modules_next_dist_115brz8._.js:2431:13)
[browser] THREE.WebGLShadowMap: PCFSoftShadowMap has been deprecated. Using PCFShadowMap instead. (file://C:/Users/amrit/mini projects/PlotKAre-temp/PLotKAre-temp1/webpage/.next/dev/static/chunks/node_modules_next_dist_115brz8._.js:2431:13)
[browser] Detected `scroll-behavior: smooth` on the `<html>` element. To disable smooth scrolling during route transitions, add `data-scroll-behavior="smooth"` to your <html> element. Learn more: https://nextjs.org/docs/messages/missing-data-scroll-behavior (file://C:/Users/amrit/mini projects/PlotKAre-temp/PLotKAre-temp1/webpage/.next/dev/static/chunks/node_modules_next_dist_115brz8._.js:2431:13)
[browser] A tree hydrated but some attributes of the server rendered HTML didn't match the client properties. This won't be patched up. This can happen if a SSR-ed Client Component used:

- A server/client branch `if (typeof window !== 'undefined')`.
- Variable input such as `Date.now()` or `Math.random()` which changes each time it's called.
- Date formatting in a user's locale which doesn't match the server.
- External changing data without sending a snapshot of it along with the HTML.
- Invalid HTML tag nesting.

It can also happen if the client has a browser extension installed which messes with the HTML before React loaded.

https://react.dev/link/hydration-mismatch

  ...
    <HTTPAccessFallbackBoundary notFound={undefined} forbidden={undefined} unauthorized={undefined}>
      <RedirectBoundary>
        <RedirectErrorBoundary router={{...}}>
          <InnerLayoutRouter url="/login/" tree={[...]} params={{}} cacheNode={{rsc:{...}, ...}} segmentPath={[...]} ...>
            <SegmentViewNode type="page" pagePath="login/page...">
              <SegmentTrieNode>
              <ClientPageRoot Component={function LoginPage} serverProvidedParams={{...}}>
                <LoginPage params={Promise} searchParams={Promise}>
                  <Suspense fallback={null}>
                    <AuthLoginPage mode="user">
                      <div className="min-h-scre...">
                        <div>
                        <div className="flex flex-...">
                          <div className="w-full max...">
                            <h1>
                            <form
                              onSubmit={function onSubmit}
                              className="space-y-6"
-                             style={{position:"relative"}}
                            >
                            ...
            ...
          ...
 
    at <unknown> (file://C:/Users/amrit/mini projects/PlotKAre-temp/PLotKAre-temp1/webpage/.next/dev/static/chunks/node_modules_next_dist_compiled_react-dom_058-ah~._.js:3439:25)
    at runWithFiberInDEV (file://C:/Users/amrit/mini projects/PlotKAre-temp/PLotKAre-temp1/webpage/.next/dev/static/chunks/node_modules_next_dist_compiled_react-dom_058-ah~._.js:965:74)
    at emitPendingHydrationWarnings (file://C:/Users/amrit/mini projects/PlotKAre-temp/PLotKAre-temp1/webpage/.next/dev/static/chunks/node_modules_next_dist_compiled_react-dom_058-ah~._.js:3438:13)
    at completeWork (file://C:/Users/amrit/mini projects/PlotKAre-temp/PLotKAre-temp1/webpage/.next/dev/static/chunks/node_modules_next_dist_compiled_react-dom_058-ah~._.js:7065:32)
    at runWithFiberInDEV (file://C:/Users/amrit/mini projects/PlotKAre-temp/PLotKAre-temp1/webpage/.next/dev/static/chunks/node_modules_next_dist_compiled_react-dom_058-ah~._.js:965:74)
    at completeUnitOfWork (file://C:/Users/amrit/mini projects/PlotKAre-temp/PLotKAre-temp1/webpage/.next/dev/static/chunks/node_modules_next_dist_compiled_react-dom_058-ah~._.js:9622:23)
    at performUnitOfWork (file://C:/Users/amrit/mini projects/PlotKAre-temp/PLotKAre-temp1/webpage/.next/dev/static/chunks/node_modules_next_dist_compiled_react-dom_058-ah~._.js:9557:28)
    at workLoopConcurrentByScheduler (file://C:/Users/amrit/mini projects/PlotKAre-temp/PLotKAre-temp1/webpage/.next/dev/static/chunks/node_modules_next_dist_compiled_react-dom_058-ah~._.js:9551:58)
    at renderRootConcurrent (file://C:/Users/amrit/mini projects/PlotKAre-temp/PLotKAre-temp1/webpage/.next/dev/static/chunks/node_modules_next_dist_compiled_react-dom_058-ah~._.js:9534:71)
    at performWorkOnRoot (file://C:/Users/amrit/mini projects/PlotKAre-temp/PLotKAre-temp1/webpage/.next/dev/static/chunks/node_modules_next_dist_compiled_react-dom_058-ah~._.js:9061:150)
    at performWorkOnRootViaSchedulerTask (file://C:/Users/amrit/mini projects/PlotKAre-temp/PLotKAre-temp1/webpage/.next/dev/static/chunks/node_modules_next_dist_compiled_react-dom_058-ah~._.js:10255:9)
    at MessagePort.performWorkUntilDeadline (file://C:/Users/amrit/mini projects/PlotKAre-temp/PLotKAre-temp1/webpage/.next/dev/static/chunks/node_modules_next_dist_compiled_0rpq4pf._.js:2647:64) (file://C:/Users/amrit/mini projects/PlotKAre-temp/PLotKAre-temp1/webpage/.next/dev/static/chunks/node_modules_next_dist_compiled_react-dom_058-ah~._.js:3439:25)
[browser] Uncaught Error: Hydration failed because the server rendered HTML didn't match the client. As a result this tree will be regenerated on the client. This can happen if a SSR-ed Client Component used:

- A server/client branch `if (typeof window !== 'undefined')`.
- Variable input such as `Date.now()` or `Math.random()` which changes each time it's called.
- Date formatting in a user's locale which doesn't match the server.
- External changing data without sending a snapshot of it along with the HTML.
- Invalid HTML tag nesting.

It can also happen if the client has a browser extension installed which messes with the HTML before React loaded.

https://react.dev/link/hydration-mismatch

  ...
    <ErrorBoundary errorComponent={undefined} errorStyles={undefined} errorScripts={undefined}>
      <LoadingBoundary name="signup/" loading={null}>
        <HTTPAccessFallbackBoundary notFound={undefined} forbidden={undefined} unauthorized={undefined}>
          <RedirectBoundary>
            <RedirectErrorBoundary router={{...}}>
              <InnerLayoutRouter url="/signup/" tree={[...]} params={{}} cacheNode={{rsc:{...}, ...}} segmentPath={[...]} ...>
                <SegmentViewNode type="page" pagePath="signup/pag...">
                  <SegmentTrieNode>
                  <ClientPageRoot Component={function SignupPage} serverProvidedParams={{...}}>
                    <SignupPage params={Promise} searchParams={Promise}>
                      <div className="min-h-scre...">
                        <div>
                        <div className="flex flex-...">
                          <div className="w-full max...">
                            <h1>
                            <form onSubmit={function handleSubmit} className="space-y-6">
                              <div>
                              <div
-                               style={{position:"relative"}}
                              >
-                               <div data-v-4914bf38="">
                              ...
                            ...
                ...
              ...

    at <unknown> (https://react.dev/link/hydration-mismatch)
    at throwOnHydrationMismatch (file://C:/Users/amrit/mini projects/PlotKAre-temp/PLotKAre-temp1/webpage/.next/dev/static/chunks/node_modules_next_dist_compiled_react-dom_058-ah~._.js:3318:56)
    at popHydrationState (file://C:/Users/amrit/mini projects/PlotKAre-temp/PLotKAre-temp1/webpage/.next/dev/static/chunks/node_modules_next_dist_compiled_react-dom_058-ah~._.js:3403:13)
    at completeWork (file://C:/Users/amrit/mini projects/PlotKAre-temp/PLotKAre-temp1/webpage/.next/dev/static/chunks/node_modules_next_dist_compiled_react-dom_058-ah~._.js:6922:25)
    at runWithFiberInDEV (file://C:/Users/amrit/mini projects/PlotKAre-temp/PLotKAre-temp1/webpage/.next/dev/static/chunks/node_modules_next_dist_compiled_react-dom_058-ah~._.js:965:74)
    at completeUnitOfWork (file://C:/Users/amrit/mini projects/PlotKAre-temp/PLotKAre-temp1/webpage/.next/dev/static/chunks/node_modules_next_dist_compiled_react-dom_058-ah~._.js:9622:23)
    at performUnitOfWork (file://C:/Users/amrit/mini projects/PlotKAre-temp/PLotKAre-temp1/webpage/.next/dev/static/chunks/node_modules_next_dist_compiled_react-dom_058-ah~._.js:9557:28)
    at workLoopConcurrentByScheduler (file://C:/Users/amrit/mini projects/PlotKAre-temp/PLotKAre-temp1/webpage/.next/dev/static/chunks/node_modules_next_dist_compiled_react-dom_058-ah~._.js:9551:58)
    at renderRootConcurrent (file://C:/Users/amrit/mini projects/PlotKAre-temp/PLotKAre-temp1/webpage/.next/dev/static/chunks/node_modules_next_dist_compiled_react-dom_058-ah~._.js:9534:71)
    at performWorkOnRoot (file://C:/Users/amrit/mini projects/PlotKAre-temp/PLotKAre-temp1/webpage/.next/dev/static/chunks/node_modules_next_dist_compiled_react-dom_058-ah~._.js:9061:150)
    at performWorkOnRootViaSchedulerTask (file://C:/Users/amrit/mini projects/PlotKAre-temp/PLotKAre-temp1/webpage/.next/dev/static/chunks/node_modules_next_dist_compiled_react-dom_058-ah~._.js:10255:9)
    at MessagePort.performWorkUntilDeadline (file://C:/Users/amrit/mini projects/PlotKAre-temp/PLotKAre-temp1/webpage/.next/dev/static/chunks/node_modules_next_dist_compiled_0rpq4pf._.js:2647:64)
    at div (<anonymous>)
    at SignupPage (file://C:/Users/amrit/mini projects/PlotKAre-temp/PLotKAre-temp1/webpage/.next/dev/static/chunks/_105xz4c._.js:461:235)
    at ClientPageRoot (file://C:/Users/amrit/mini projects/PlotKAre-temp/PLotKAre-temp1/webpage/.next/dev/static/chunks/node_modules_01.h3rg._.js:4697:50)
[browser] TypeError: Failed to fetch
    at <unknown> (file://C:/Users/amrit/mini projects/PlotKAre-temp/PLotKAre-temp1/webpage/.next/dev/static/chunks/node_modules_%40supabase_auth-js_dist_module_0.pzobh._.js:606:23)
    at _handleRequest (file://C:/Users/amrit/mini projects/PlotKAre-temp/PLotKAre-temp1/webpage/.next/dev/static/chunks/node_modules_%40supabase_auth-js_dist_module_0.pzobh._.js:988:24)
    at _request (file://C:/Users/amrit/mini projects/PlotKAre-temp/PLotKAre-temp1/webpage/.next/dev/static/chunks/node_modules_%40supabase_auth-js_dist_module_0.pzobh._.js:975:24)
    at SupabaseAuthClient.signUp (file://C:/Users/amrit/mini projects/PlotKAre-temp/PLotKAre-temp1/webpage/.next/dev/static/chunks/node_modules_%40supabase_auth-js_dist_module_0.pzobh._.js:4240:219)
    at async handleSubmit (file://C:/Users/amrit/mini projects/PlotKAre-temp/PLotKAre-temp1/webpage/.next/dev/static/chunks/_105xz4c._.js:313:40) (file://C:/Users/amrit/mini projects/PlotKAre-temp/PLotKAre-temp1/webpage/.next/dev/static/chunks/node_modules_%40supabase_auth-js_dist_module_0.pzobh._.js:990:17)
[browser] TypeError: Failed to fetch
    at <unknown> (file://C:/Users/amrit/mini projects/PlotKAre-temp/PLotKAre-temp1/webpage/.next/dev/static/chunks/node_modules_%40supabase_auth-js_dist_module_0.pzobh._.js:606:23)
    at _handleRequest (file://C:/Users/amrit/mini projects/PlotKAre-temp/PLotKAre-temp1/webpage/.next/dev/static/chunks/node_modules_%40supabase_auth-js_dist_module_0.pzobh._.js:988:24)
    at _request (file://C:/Users/amrit/mini projects/PlotKAre-temp/PLotKAre-temp1/webpage/.next/dev/static/chunks/node_modules_%40supabase_auth-js_dist_module_0.pzobh._.js:975:24)
    at SupabaseAuthClient.signUp (file://C:/Users/amrit/mini projects/PlotKAre-temp/PLotKAre-temp1/webpage/.next/dev/static/chunks/node_modules_%40supabase_auth-js_dist_module_0.pzobh._.js:4240:219)
    at async handleSubmit (file://C:/Users/amrit/mini projects/PlotKAre-temp/PLotKAre-temp1/webpage/.next/dev/static/chunks/_105xz4c._.js:313:40) (file://C:/Users/amrit/mini projects/PlotKAre-temp/PLotKAre-temp1/webpage/.next/dev/static/chunks/node_modules_%40supabase_auth-js_dist_module_0.pzobh._.js:990:17)
[browser] TypeError: Failed to fetch
    at <unknown> (file://C:/Users/amrit/mini projects/PlotKAre-temp/PLotKAre-temp1/webpage/.next/dev/static/chunks/node_modules_%40supabase_auth-js_dist_module_0.pzobh._.js:606:23)
    at _handleRequest (file://C:/Users/amrit/mini projects/PlotKAre-temp/PLotKAre-temp1/webpage/.next/dev/static/chunks/node_modules_%40supabase_auth-js_dist_module_0.pzobh._.js:988:24)
    at _request (file://C:/Users/amrit/mini projects/PlotKAre-temp/PLotKAre-temp1/webpage/.next/dev/static/chunks/node_modules_%40supabase_auth-js_dist_module_0.pzobh._.js:975:24)
    at SupabaseAuthClient.signUp (file://C:/Users/amrit/mini projects/PlotKAre-temp/PLotKAre-temp1/webpage/.next/dev/static/chunks/node_modules_%40supabase_auth-js_dist_module_0.pzobh._.js:4240:219)
    at async handleSubmit (file://C:/Users/amrit/mini projects/PlotKAre-temp/PLotKAre-temp1/webpage/.next/dev/static/chunks/_105xz4c._.js:313:40) (file://C:/Users/amrit/mini projects/PlotKAre-temp/PLotKAre-temp1/webpage/.next/dev/static/chunks/node_modules_%40supabase_auth-js_dist_module_0.pzobh._.js:990:17)
[browser] THREE.Clock: This module has been deprecated. Please use THREE.Timer instead. (file://C:/Users/amrit/mini projects/PlotKAre-temp/PLotKAre-temp1/webpage/.next/dev/static/chunks/node_modules_next_dist_115brz8._.js:2431:13)
[browser] THREE.WebGLShadowMap: PCFSoftShadowMap has been deprecated. Using PCFShadowMap instead. (file://C:/Users/amrit/mini projects/PlotKAre-temp/PLotKAre-temp1/webpage/.next/dev/static/chunks/node_modules_next_dist_115brz8._.js:2431:13)
[browser] THREE.Clock: This module has been deprecated. Please use THREE.Timer instead. (file://C:/Users/amrit/mini projects/PlotKAre-temp/PLotKAre-temp1/webpage/.next/dev/static/chunks/node_modules_next_dist_115brz8._.js:2431:13)
[browser] THREE.WebGLShadowMap: PCFSoftShadowMap has been deprecated. Using PCFShadowMap instead. (file://C:/Users/amrit/mini projects/PlotKAre-temp/PLotKAre-temp1/webpage/.next/dev/static/chunks/node_modules_next_dist_115brz8._.js:2431:13)
[browser] THREE.WebGLShadowMap: PCFSoftShadowMap has been deprecated. Using PCFShadowMap instead. (file://C:/Users/amrit/mini projects/PlotKAre-temp/PLotKAre-temp1/webpage/.next/dev/static/chunks/node_modules_next_dist_115brz8._.js:2431:13)
[browser] THREE.WebGLShadowMap: PCFSoftShadowMap has been deprecated. Using PCFShadowMap instead. (file://C:/Users/amrit/mini projects/PlotKAre-temp/PLotKAre-temp1/webpage/.next/dev/static/chunks/node_modules_next_dist_115brz8._.js:2431:13)
[browser] THREE.WebGLShadowMap: PCFSoftShadowMap has been deprecated. Using PCFShadowMap instead. (file://C:/Users/amrit/mini projects/PlotKAre-temp/PLotKAre-temp1/webpage/.next/dev/static/chunks/node_modules_next_dist_115brz8._.js:2431:13)
[browser] THREE.WebGLShadowMap: PCFSoftShadowMap has been deprecated. Using PCFShadowMap instead. (file://C:/Users/amrit/mini projects/PlotKAre-temp/PLotKAre-temp1/webpage/.next/dev/static/chunks/node_modules_next_dist_115brz8._.js:2431:13)
[browser] THREE.WebGLShadowMap: PCFSoftShadowMap has been deprecated. Using PCFShadowMap instead. (file://C:/Users/amrit/mini projects/PlotKAre-temp/PLotKAre-temp1/webpage/.next/dev/static/chunks/node_modules_next_dist_115brz8._.js:2431:13)
[browser] THREE.WebGLShadowMap: PCFSoftShadowMap has been deprecated. Using PCFShadowMap instead. (file://C:/Users/amrit/mini projects/PlotKAre-temp/PLotKAre-temp1/webpage/.next/dev/static/chunks/node_modules_next_dist_115brz8._.js:2431:13)
[browser] THREE.WebGLShadowMap: PCFSoftShadowMap has been deprecated. Using PCFShadowMap instead. (file://C:/Users/amrit/mini projects/PlotKAre-temp/PLotKAre-temp1/webpage/.next/dev/static/chunks/node_modules_next_dist_115brz8._.js:2431:13)
[browser] THREE.WebGLShadowMap: PCFSoftShadowMap has been deprecated. Using PCFShadowMap instead. (file://C:/Users/amrit/mini projects/PlotKAre-temp/PLotKAre-temp1/webpage/.next/dev/static/chunks/node_modules_next_dist_115brz8._.js:2431:13)
[browser] THREE.WebGLShadowMap: PCFSoftShadowMap has been deprecated. Using PCFShadowMap instead. (file://C:/Users/amrit/mini projects/PlotKAre-temp/PLotKAre-temp1/webpage/.next/dev/static/chunks/node_modules_next_dist_115brz8._.js:2431:13)
[browser] THREE.WebGLShadowMap: PCFSoftShadowMap has been deprecated. Using PCFShadowMap instead. (file://C:/Users/amrit/mini projects/PlotKAre-temp/PLotKAre-temp1/webpage/.next/dev/static/chunks/node_modules_next_dist_115brz8._.js:2431:13)
[browser] THREE.WebGLShadowMap: PCFSoftShadowMap has been deprecated. Using PCFShadowMap instead. (file://C:/Users/amrit/mini projects/PlotKAre-temp/PLotKAre-temp1/webpage/.next/dev/static/chunks/node_modules_next_dist_115brz8._.js:2431:13)
[browser] THREE.WebGLShadowMap: PCFSoftShadowMap has been deprecated. Using PCFShadowMap instead. (file://C:/Users/amrit/mini projects/PlotKAre-temp/PLotKAre-temp1/webpage/.next/dev/static/chunks/node_modules_next_dist_115brz8._.js:2431:13)
[browser] THREE.WebGLShadowMap: PCFSoftShadowMap has been deprecated. Using PCFShadowMap instead. (file://C:/Users/amrit/mini projects/PlotKAre-temp/PLotKAre-temp1/webpage/.next/dev/static/chunks/node_modules_next_dist_115brz8._.js:2431:13)
[browser] THREE.WebGLShadowMap: PCFSoftShadowMap has been deprecated. Using PCFShadowMap instead. (file://C:/Users/amrit/mini projects/PlotKAre-temp/PLotKAre-temp1/webpage/.next/dev/static/chunks/node_modules_next_dist_115brz8._.js:2431:13)
[browser] THREE.WebGLShadowMap: PCFSoftShadowMap has been deprecated. Using PCFShadowMap instead. (file://C:/Users/amrit/mini projects/PlotKAre-temp/PLotKAre-temp1/webpage/.next/dev/static/chunks/node_modules_next_dist_115brz8._.js:2431:13)
[browser] THREE.WebGLShadowMap: PCFSoftShadowMap has been deprecated. Using PCFShadowMap instead. (file://C:/Users/amrit/mini projects/PlotKAre-temp/PLotKAre-temp1/webpage/.next/dev/static/chunks/node_modules_next_dist_115brz8._.js:2431:13)
[browser] THREE.WebGLShadowMap: PCFSoftShadowMap has been deprecated. Using PCFShadowMap instead. (file://C:/Users/amrit/mini projects/PlotKAre-temp/PLotKAre-temp1/webpage/.next/dev/static/chunks/node_modules_next_dist_115brz8._.js:2431:13)
[browser] THREE.WebGLShadowMap: PCFSoftShadowMap has been deprecated. Using PCFShadowMap instead. (file://C:/Users/amrit/mini projects/PlotKAre-temp/PLotKAre-temp1/webpage/.next/dev/static/chunks/node_modules_next_dist_115brz8._.js:2431:13)
[browser] THREE.WebGLShadowMap: PCFSoftShadowMap has been deprecated. Using PCFShadowMap instead. (file://C:/Users/amrit/mini projects/PlotKAre-temp/PLotKAre-temp1/webpage/.next/dev/static/chunks/node_modules_next_dist_115brz8._.js:2431:13)
[browser] THREE.WebGLShadowMap: PCFSoftShadowMap has been deprecated. Using PCFShadowMap instead. (file://C:/Users/amrit/mini projects/PlotKAre-temp/PLotKAre-temp1/webpage/.next/dev/static/chunks/node_modules_next_dist_115brz8._.js:2431:13)
[browser] THREE.WebGLShadowMap: PCFSoftShadowMap has been deprecated. Using PCFShadowMap instead. (file://C:/Users/amrit/mini projects/PlotKAre-temp/PLotKAre-temp1/webpage/.next/dev/static/chunks/node_modules_next_dist_115brz8._.js:2431:13)
[browser] THREE.WebGLShadowMap: PCFSoftShadowMap has been deprecated. Using PCFShadowMap instead. (file://C:/Users/amrit/mini projects/PlotKAre-temp/PLotKAre-temp1/webpage/.next/dev/static/chunks/node_modules_next_dist_115brz8._.js:2431:13)
[browser] THREE.WebGLShadowMap: PCFSoftShadowMap has been deprecated. Using PCFShadowMap instead. (file://C:/Users/amrit/mini projects/PlotKAre-temp/PLotKAre-temp1/webpage/.next/dev/static/chunks/node_modules_next_dist_115brz8._.js:2431:13)
[browser] THREE.WebGLShadowMap: PCFSoftShadowMap has been deprecated. Using PCFShadowMap instead. (file://C:/Users/amrit/mini projects/PlotKAre-temp/PLotKAre-temp1/webpage/.next/dev/static/chunks/node_modules_next_dist_115brz8._.js:2431:13)
[browser] THREE.WebGLShadowMap: PCFSoftShadowMap has been deprecated. Using PCFShadowMap instead. (file://C:/Users/amrit/mini projects/PlotKAre-temp/PLotKAre-temp1/webpage/.next/dev/static/chunks/node_modules_next_dist_115brz8._.js:2431:13)
[browser] THREE.WebGLShadowMap: PCFSoftShadowMap has been deprecated. Using PCFShadowMap instead. (file://C:/Users/amrit/mini projects/PlotKAre-temp/PLotKAre-temp1/webpage/.next/dev/static/chunks/node_modules_next_dist_115brz8._.js:2431:13)
[browser] THREE.WebGLShadowMap: PCFSoftShadowMap has been deprecated. Using PCFShadowMap instead. (file://C:/Users/amrit/mini projects/PlotKAre-temp/PLotKAre-temp1/webpage/.next/dev/static/chunks/node_modules_next_dist_115brz8._.js:2431:13)
[browser] THREE.WebGLShadowMap: PCFSoftShadowMap has been deprecated. Using PCFShadowMap instead. (file://C:/Users/amrit/mini projects/PlotKAre-temp/PLotKAre-temp1/webpage/.next/dev/static/chunks/node_modules_next_dist_115brz8._.js:2431:13)
[browser] THREE.WebGLShadowMap: PCFSoftShadowMap has been deprecated. Using PCFShadowMap instead. (file://C:/Users/amrit/mini projects/PlotKAre-temp/PLotKAre-temp1/webpage/.next/dev/static/chunks/node_modules_next_dist_115brz8._.js:2431:13)
[browser] THREE.WebGLShadowMap: PCFSoftShadowMap has been deprecated. Using PCFShadowMap instead. (file://C:/Users/amrit/mini projects/PlotKAre-temp/PLotKAre-temp1/webpage/.next/dev/static/chunks/node_modules_next_dist_115brz8._.js:2431:13)
[browser] THREE.WebGLShadowMap: PCFSoftShadowMap has been deprecated. Using PCFShadowMap instead. (file://C:/Users/amrit/mini projects/PlotKAre-temp/PLotKAre-temp1/webpage/.next/dev/static/chunks/node_modules_next_dist_115brz8._.js:2431:13)
[browser] THREE.WebGLShadowMap: PCFSoftShadowMap has been deprecated. Using PCFShadowMap instead. (file://C:/Users/amrit/mini projects/PlotKAre-temp/PLotKAre-temp1/webpage/.next/dev/static/chunks/node_modules_next_dist_115brz8._.js:2431:13)
[browser] THREE.WebGLShadowMap: PCFSoftShadowMap has been deprecated. Using PCFShadowMap instead. (file://C:/Users/amrit/mini projects/PlotKAre-temp/PLotKAre-temp1/webpage/.next/dev/static/chunks/node_modules_next_dist_115brz8._.js:2431:13)
[browser] THREE.WebGLShadowMap: PCFSoftShadowMap has been deprecated. Using PCFShadowMap instead. (file://C:/Users/amrit/mini projects/PlotKAre-temp/PLotKAre-temp1/webpage/.next/dev/static/chunks/node_modules_next_dist_115brz8._.js:2431:13)
[browser] THREE.WebGLShadowMap: PCFSoftShadowMap has been deprecated. Using PCFShadowMap instead. (file://C:/Users/amrit/mini projects/PlotKAre-temp/PLotKAre-temp1/webpage/.next/dev/static/chunks/node_modules_next_dist_115brz8._.js:2431:13)
[browser] THREE.WebGLShadowMap: PCFSoftShadowMap has been deprecated. Using PCFShadowMap instead. (file://C:/Users/amrit/mini projects/PlotKAre-temp/PLotKAre-temp1/webpage/.next/dev/static/chunks/node_modules_next_dist_115brz8._.js:2431:13)
[browser] THREE.WebGLShadowMap: PCFSoftShadowMap has been deprecated. Using PCFShadowMap instead. (file://C:/Users/amrit/mini projects/PlotKAre-temp/PLotKAre-temp1/webpage/.next/dev/static/chunks/node_modules_next_dist_115brz8._.js:2431:13)
[browser] THREE.WebGLShadowMap: PCFSoftShadowMap has been deprecated. Using PCFShadowMap instead. (file://C:/Users/amrit/mini projects/PlotKAre-temp/PLotKAre-temp1/webpage/.next/dev/static/chunks/node_modules_next_dist_115brz8._.js:2431:13)
[browser] THREE.WebGLShadowMap: PCFSoftShadowMap has been deprecated. Using PCFShadowMap instead. (file://C:/Users/amrit/mini projects/PlotKAre-temp/PLotKAre-temp1/webpage/.next/dev/static/chunks/node_modules_next_dist_115brz8._.js:2431:13)
[browser] THREE.WebGLShadowMap: PCFSoftShadowMap has been deprecated. Using PCFShadowMap instead. (file://C:/Users/amrit/mini projects/PlotKAre-temp/PLotKAre-temp1/webpage/.next/dev/static/chunks/node_modules_next_dist_115brz8._.js:2431:13)
[browser] THREE.WebGLShadowMap: PCFSoftShadowMap has been deprecated. Using PCFShadowMap instead. (file://C:/Users/amrit/mini projects/PlotKAre-temp/PLotKAre-temp1/webpage/.next/dev/static/chunks/node_modules_next_dist_115brz8._.js:2431:13)
[browser] THREE.WebGLShadowMap: PCFSoftShadowMap has been deprecated. Using PCFShadowMap instead. (file://C:/Users/amrit/mini projects/PlotKAre-temp/PLotKAre-temp1/webpage/.next/dev/static/chunks/node_modules_next_dist_115brz8._.js:2431:13)
[browser] THREE.WebGLShadowMap: PCFSoftShadowMap has been deprecated. Using PCFShadowMap instead. (file://C:/Users/amrit/mini projects/PlotKAre-temp/PLotKAre-temp1/webpage/.next/dev/static/chunks/node_modules_next_dist_115brz8._.js:2431:13)
[browser] THREE.WebGLShadowMap: PCFSoftShadowMap has been deprecated. Using PCFShadowMap instead. (file://C:/Users/amrit/mini projects/PlotKAre-temp/PLotKAre-temp1/webpage/.next/dev/static/chunks/node_modules_next_dist_115brz8._.js:2431:13)
[browser] THREE.WebGLShadowMap: PCFSoftShadowMap has been deprecated. Using PCFShadowMap instead. (file://C:/Users/amrit/mini projects/PlotKAre-temp/PLotKAre-temp1/webpage/.next/dev/static/chunks/node_modules_next_dist_115brz8._.js:2431:13)
[browser] THREE.WebGLShadowMap: PCFSoftShadowMap has been deprecated. Using PCFShadowMap instead. (file://C:/Users/amrit/mini projects/PlotKAre-temp/PLotKAre-temp1/webpage/.next/dev/static/chunks/node_modules_next_dist_115brz8._.js:2431:13)
[browser] THREE.WebGLShadowMap: PCFSoftShadowMap has been deprecated. Using PCFShadowMap instead. (file://C:/Users/amrit/mini projects/PlotKAre-temp/PLotKAre-temp1/webpage/.next/dev/static/chunks/node_modules_next_dist_115brz8._.js:2431:13)
[browser] THREE.WebGLShadowMap: PCFSoftShadowMap has been deprecated. Using PCFShadowMap instead. (file://C:/Users/amrit/mini projects/PlotKAre-temp/PLotKAre-temp1/webpage/.next/dev/static/chunks/node_modules_next_dist_115brz8._.js:2431:13)
[browser] THREE.WebGLShadowMap: PCFSoftShadowMap has been deprecated. Using PCFShadowMap instead. (file://C:/Users/amrit/mini projects/PlotKAre-temp/PLotKAre-temp1/webpage/.next/dev/static/chunks/node_modules_next_dist_115brz8._.js:2431:13)
[browser] THREE.WebGLShadowMap: PCFSoftShadowMap has been deprecated. Using PCFShadowMap instead. (file://C:/Users/amrit/mini projects/PlotKAre-temp/PLotKAre-temp1/webpage/.next/dev/static/chunks/node_modules_next_dist_115brz8._.js:2431:13)
[browser] THREE.WebGLShadowMap: PCFSoftShadowMap has been deprecated. Using PCFShadowMap instead. (file://C:/Users/amrit/mini projects/PlotKAre-temp/PLotKAre-temp1/webpage/.next/dev/static/chunks/node_modules_next_dist_115brz8._.js:2431:13)
[browser] THREE.WebGLShadowMap: PCFSoftShadowMap has been deprecated. Using PCFShadowMap instead. (file://C:/Users/amrit/mini projects/PlotKAre-temp/PLotKAre-temp1/webpage/.next/dev/static/chunks/node_modules_next_dist_115brz8._.js:2431:13)
[browser] THREE.WebGLShadowMap: PCFSoftShadowMap has been deprecated. Using PCFShadowMap instead. (file://C:/Users/amrit/mini projects/PlotKAre-temp/PLotKAre-temp1/webpage/.next/dev/static/chunks/node_modules_next_dist_115brz8._.js:2431:13)
[browser] THREE.WebGLShadowMap: PCFSoftShadowMap has been deprecated. Using PCFShadowMap instead. (file://C:/Users/amrit/mini projects/PlotKAre-temp/PLotKAre-temp1/webpage/.next/dev/static/chunks/node_modules_next_dist_115brz8._.js:2431:13)
[browser] THREE.WebGLShadowMap: PCFSoftShadowMap has been deprecated. Using PCFShadowMap instead. (file://C:/Users/amrit/mini projects/PlotKAre-temp/PLotKAre-temp1/webpage/.next/dev/static/chunks/node_modules_next_dist_115brz8._.js:2431:13)
[browser] THREE.WebGLShadowMap: PCFSoftShadowMap has been deprecated. Using PCFShadowMap instead. (file://C:/Users/amrit/mini projects/PlotKAre-temp/PLotKAre-temp1/webpage/.next/dev/static/chunks/node_modules_next_dist_115brz8._.js:2431:13)
[browser] THREE.WebGLShadowMap: PCFSoftShadowMap has been deprecated. Using PCFShadowMap instead. (file://C:/Users/amrit/mini projects/PlotKAre-temp/PLotKAre-temp1/webpage/.next/dev/static/chunks/node_modules_next_dist_115brz8._.js:2431:13)
[browser] THREE.WebGLShadowMap: PCFSoftShadowMap has been deprecated. Using PCFShadowMap instead. (file://C:/Users/amrit/mini projects/PlotKAre-temp/PLotKAre-temp1/webpage/.next/dev/static/chunks/node_modules_next_dist_115brz8._.js:2431:13)
[browser] THREE.WebGLShadowMap: PCFSoftShadowMap has been deprecated. Using PCFShadowMap instead. (file://C:/Users/amrit/mini projects/PlotKAre-temp/PLotKAre-temp1/webpage/.next/dev/static/chunks/node_modules_next_dist_115brz8._.js:2431:13)
[browser] THREE.WebGLShadowMap: PCFSoftShadowMap has been deprecated. Using PCFShadowMap instead. (file://C:/Users/amrit/mini projects/PlotKAre-temp/PLotKAre-temp1/webpage/.next/dev/static/chunks/node_modules_next_dist_115brz8._.js:2431:13)
[browser] THREE.WebGLShadowMap: PCFSoftShadowMap has been deprecated. Using PCFShadowMap instead. (file://C:/Users/amrit/mini projects/PlotKAre-temp/PLotKAre-temp1/webpage/.next/dev/static/chunks/node_modules_next_dist_115brz8._.js:2431:13)
[browser] THREE.WebGLShadowMap: PCFSoftShadowMap has been deprecated. Using PCFShadowMap instead. (file://C:/Users/amrit/mini projects/PlotKAre-temp/PLotKAre-temp1/webpage/.next/dev/static/chunks/node_modules_next_dist_115brz8._.js:2431:13)
[browser] THREE.WebGLShadowMap: PCFSoftShadowMap has been deprecated. Using PCFShadowMap instead. (file://C:/Users/amrit/mini projects/PlotKAre-temp/PLotKAre-temp1/webpage/.next/dev/static/chunks/node_modules_next_dist_115brz8._.js:2431:13)
[browser] THREE.WebGLShadowMap: PCFSoftShadowMap has been deprecated. Using PCFShadowMap instead. (file://C:/Users/amrit/mini projects/PlotKAre-temp/PLotKAre-temp1/webpage/.next/dev/static/chunks/node_modules_next_dist_115brz8._.js:2431:13)
[browser] THREE.WebGLShadowMap: PCFSoftShadowMap has been deprecated. Using PCFShadowMap instead. (file://C:/Users/amrit/mini projects/PlotKAre-temp/PLotKAre-temp1/webpage/.next/dev/static/chunks/node_modules_next_dist_115brz8._.js:2431:13)
[browser] THREE.WebGLShadowMap: PCFSoftShadowMap has been deprecated. Using PCFShadowMap instead. (file://C:/Users/amrit/mini projects/PlotKAre-temp/PLotKAre-temp1/webpage/.next/dev/static/chunks/node_modules_next_dist_115brz8._.js:2431:13)
[browser] THREE.WebGLShadowMap: PCFSoftShadowMap has been deprecated. Using PCFShadowMap instead. (file://C:/Users/amrit/mini projects/PlotKAre-temp/PLotKAre-temp1/webpage/.next/dev/static/chunks/node_modules_next_dist_115brz8._.js:2431:13)
[browser] THREE.WebGLShadowMap: PCFSoftShadowMap has been deprecated. Using PCFShadowMap instead. (file://C:/Users/amrit/mini projects/PlotKAre-temp/PLotKAre-temp1/webpage/.next/dev/static/chunks/node_modules_next_dist_115brz8._.js:2431:13)
[browser] THREE.WebGLShadowMap: PCFSoftShadowMap has been deprecated. Using PCFShadowMap instead. (file://C:/Users/amrit/mini projects/PlotKAre-temp/PLotKAre-temp1/webpage/.next/dev/static/chunks/node_modules_next_dist_115brz8._.js:2431:13)
[browser] THREE.WebGLShadowMap: PCFSoftShadowMap has been deprecated. Using PCFShadowMap instead. (file://C:/Users/amrit/mini projects/PlotKAre-temp/PLotKAre-temp1/webpage/.next/dev/static/chunks/node_modules_next_dist_115brz8._.js:2431:13)
[browser] THREE.WebGLShadowMap: PCFSoftShadowMap has been deprecated. Using PCFShadowMap instead. (file://C:/Users/amrit/mini projects/PlotKAre-temp/PLotKAre-temp1/webpage/.next/dev/static/chunks/node_modules_next_dist_115brz8._.js:2431:13)
[browser] THREE.WebGLShadowMap: PCFSoftShadowMap has been deprecated. Using PCFShadowMap instead. (file://C:/Users/amrit/mini projects/PlotKAre-temp/PLotKAre-temp1/webpage/.next/dev/static/chunks/node_modules_next_dist_115brz8._.js:2431:13)
[browser] THREE.WebGLShadowMap: PCFSoftShadowMap has been deprecated. Using PCFShadowMap instead. (file://C:/Users/amrit/mini projects/PlotKAre-temp/PLotKAre-temp1/webpage/.next/dev/static/chunks/node_modules_next_dist_115brz8._.js:2431:13)
[browser] THREE.WebGLShadowMap: PCFSoftShadowMap has been deprecated. Using PCFShadowMap instead. (file://C:/Users/amrit/mini projects/PlotKAre-temp/PLotKAre-temp1/webpage/.next/dev/static/chunks/node_modules_next_dist_115brz8._.js:2431:13)
[browser] THREE.WebGLShadowMap: PCFSoftShadowMap has been deprecated. Using PCFShadowMap instead. (file://C:/Users/amrit/mini projects/PlotKAre-temp/PLotKAre-temp1/webpage/.next/dev/static/chunks/node_modules_next_dist_115brz8._.js:2431:13)
[browser] THREE.WebGLShadowMap: PCFSoftShadowMap has been deprecated. Using PCFShadowMap instead. (file://C:/Users/amrit/mini projects/PlotKAre-temp/PLotKAre-temp1/webpage/.next/dev/static/chunks/node_modules_next_dist_115brz8._.js:2431:13)
[browser] THREE.WebGLShadowMap: PCFSoftShadowMap has been deprecated. Using PCFShadowMap instead. (file://C:/Users/amrit/mini projects/PlotKAre-temp/PLotKAre-temp1/webpage/.next/dev/static/chunks/node_modules_next_dist_115brz8._.js:2431:13)
[browser] THREE.WebGLShadowMap: PCFSoftShadowMap has been deprecated. Using PCFShadowMap instead. (file://C:/Users/amrit/mini projects/PlotKAre-temp/PLotKAre-temp1/webpage/.next/dev/static/chunks/node_modules_next_dist_115brz8._.js:2431:13)
[browser] THREE.WebGLShadowMap: PCFSoftShadowMap has been deprecated. Using PCFShadowMap instead. (file://C:/Users/amrit/mini projects/PlotKAre-temp/PLotKAre-temp1/webpage/.next/dev/static/chunks/node_modules_next_dist_115brz8._.js:2431:13)
[browser] THREE.WebGLShadowMap: PCFSoftShadowMap has been deprecated. Using PCFShadowMap instead. (file://C:/Users/amrit/mini projects/PlotKAre-temp/PLotKAre-temp1/webpage/.next/dev/static/chunks/node_modules_next_dist_115brz8._.js:2431:13)
[browser] THREE.WebGLShadowMap: PCFSoftShadowMap has been deprecated. Using PCFShadowMap instead. (file://C:/Users/amrit/mini projects/PlotKAre-temp/PLotKAre-temp1/webpage/.next/dev/static/chunks/node_modules_next_dist_115brz8._.js:2431:13)
[browser] THREE.WebGLShadowMap: PCFSoftShadowMap has been deprecated. Using PCFShadowMap instead. (file://C:/Users/amrit/mini projects/PlotKAre-temp/PLotKAre-temp1/webpage/.next/dev/static/chunks/node_modules_next_dist_115brz8._.js:2431:13)
[browser] THREE.WebGLShadowMap: PCFSoftShadowMap has been deprecated. Using PCFShadowMap instead. (file://C:/Users/amrit/mini projects/PlotKAre-temp/PLotKAre-temp1/webpage/.next/dev/static/chunks/node_modules_next_dist_115brz8._.js:2431:13)
[browser] THREE.WebGLShadowMap: PCFSoftShadowMap has been deprecated. Using PCFShadowMap instead. (file://C:/Users/amrit/mini projects/PlotKAre-temp/PLotKAre-temp1/webpage/.next/dev/static/chunks/node_modules_next_dist_115brz8._.js:2431:13)
[browser] THREE.WebGLShadowMap: PCFSoftShadowMap has been deprecated. Using PCFShadowMap instead. (file://C:/Users/amrit/mini projects/PlotKAre-temp/PLotKAre-temp1/webpage/.next/dev/static/chunks/node_modules_next_dist_115brz8._.js:2431:13)
[browser] THREE.WebGLShadowMap: PCFSoftShadowMap has been deprecated. Using PCFShadowMap instead. (file://C:/Users/amrit/mini projects/PlotKAre-temp/PLotKAre-temp1/webpage/.next/dev/static/chunks/node_modules_next_dist_115brz8._.js:2431:13)
[browser] THREE.WebGLShadowMap: PCFSoftShadowMap has been deprecated. Using PCFShadowMap instead. (file://C:/Users/amrit/mini projects/PlotKAre-temp/PLotKAre-temp1/webpage/.next/dev/static/chunks/node_modules_next_dist_115brz8._.js:2431:13)
[browser] THREE.WebGLShadowMap: PCFSoftShadowMap has been deprecated. Using PCFShadowMap instead. (file://C:/Users/amrit/mini projects/PlotKAre-temp/PLotKAre-temp1/webpage/.next/dev/static/chunks/node_modules_next_dist_115brz8._.js:2431:13)
[browser] THREE.WebGLShadowMap: PCFSoftShadowMap has been deprecated. Using PCFShadowMap instead. (file://C:/Users/amrit/mini projects/PlotKAre-temp/PLotKAre-temp1/webpage/.next/dev/static/chunks/node_modules_next_dist_115brz8._.js:2431:13)
[browser] THREE.WebGLShadowMap: PCFSoftShadowMap has been deprecated. Using PCFShadowMap instead. (file://C:/Users/amrit/mini projects/PlotKAre-temp/PLotKAre-temp1/webpage/.next/dev/static/chunks/node_modules_next_dist_115brz8._.js:2431:13)
[browser] THREE.WebGLShadowMap: PCFSoftShadowMap has been deprecated. Using PCFShadowMap instead. (file://C:/Users/amrit/mini projects/PlotKAre-temp/PLotKAre-temp1/webpage/.next/dev/static/chunks/node_modules_next_dist_115brz8._.js:2431:13)
[browser] THREE.WebGLShadowMap: PCFSoftShadowMap has been deprecated. Using PCFShadowMap instead. (file://C:/Users/amrit/mini projects/PlotKAre-temp/PLotKAre-temp1/webpage/.next/dev/static/chunks/node_modules_next_dist_115brz8._.js:2431:13)
[browser] THREE.WebGLShadowMap: PCFSoftShadowMap has been deprecated. Using PCFShadowMap instead. (file://C:/Users/amrit/mini projects/PlotKAre-temp/PLotKAre-temp1/webpage/.next/dev/static/chunks/node_modules_next_dist_115brz8._.js:2431:13)
[browser] THREE.WebGLShadowMap: PCFSoftShadowMap has been deprecated. Using PCFShadowMap instead. (file://C:/Users/amrit/mini projects/PlotKAre-temp/PLotKAre-temp1/webpage/.next/dev/static/chunks/node_modules_next_dist_115brz8._.js:2431:13)
[browser] THREE.WebGLShadowMap: PCFSoftShadowMap has been deprecated. Using PCFShadowMap instead. (file://C:/Users/amrit/mini projects/PlotKAre-temp/PLotKAre-temp1/webpage/.next/dev/static/chunks/node_modules_next_dist_115brz8._.js:2431:13)
[browser] THREE.WebGLShadowMap: PCFSoftShadowMap has been deprecated. Using PCFShadowMap instead. (file://C:/Users/amrit/mini projects/PlotKAre-temp/PLotKAre-temp1/webpage/.next/dev/static/chunks/node_modules_next_dist_115brz8._.js:2431:13)
[browser] THREE.WebGLShadowMap: PCFSoftShadowMap has been deprecated. Using PCFShadowMap instead. (file://C:/Users/amrit/mini projects/PlotKAre-temp/PLotKAre-temp1/webpage/.next/dev/static/chunks/node_modules_next_dist_115brz8._.js:2431:13)
[browser] THREE.WebGLShadowMap: PCFSoftShadowMap has been deprecated. Using PCFShadowMap instead. (file://C:/Users/amrit/mini projects/PlotKAre-temp/PLotKAre-temp1/webpage/.next/dev/static/chunks/node_modules_next_dist_115brz8._.js:2431:13)
[browser] THREE.WebGLShadowMap: PCFSoftShadowMap has been deprecated. Using PCFShadowMap instead. (file://C:/Users/amrit/mini projects/PlotKAre-temp/PLotKAre-temp1/webpage/.next/dev/static/chunks/node_modules_next_dist_115brz8._.js:2431:13)
[browser] THREE.WebGLShadowMap: PCFSoftShadowMap has been deprecated. Using PCFShadowMap instead. (file://C:/Users/amrit/mini projects/PlotKAre-temp/PLotKAre-temp1/webpage/.next/dev/static/chunks/node_modules_next_dist_115brz8._.js:2431:13)
[browser] THREE.WebGLShadowMap: PCFSoftShadowMap has been deprecated. Using PCFShadowMap instead. (file://C:/Users/amrit/mini projects/PlotKAre-temp/PLotKAre-temp1/webpage/.next/dev/static/chunks/node_modules_next_dist_115brz8._.js:2431:13)
[browser] THREE.WebGLShadowMap: PCFSoftShadowMap has been deprecated. Using PCFShadowMap instead. (file://C:/Users/amrit/mini projects/PlotKAre-temp/PLotKAre-temp1/webpage/.next/dev/static/chunks/node_modules_next_dist_115brz8._.js:2431:13)
[browser] THREE.Clock: This module has been deprecated. Please use THREE.Timer instead. (file://C:/Users/amrit/mini projects/PlotKAre-temp/PLotKAre-temp1/webpage/.next/dev/static/chunks/node_modules_next_dist_115brz8._.js:2431:13)
[browser] THREE.WebGLShadowMap: PCFSoftShadowMap has been deprecated. Using PCFShadowMap instead. (file://C:/Users/amrit/mini projects/PlotKAre-temp/PLotKAre-temp1/webpage/.next/dev/static/chunks/node_modules_next_dist_115brz8._.js:2431:13)
[browser] THREE.WebGLShadowMap: PCFSoftShadowMap has been deprecated. Using PCFShadowMap instead. (file://C:/Users/amrit/mini projects/PlotKAre-temp/PLotKAre-temp1/webpage/.next/dev/static/chunks/node_modules_next_dist_115brz8._.js:2431:13)
[browser] THREE.WebGLShadowMap: PCFSoftShadowMap has been deprecated. Using PCFShadowMap instead. (file://C:/Users/amrit/mini projects/PlotKAre-temp/PLotKAre-temp1/webpage/.next/dev/static/chunks/node_modules_next_dist_115brz8._.js:2431:13)
[browser] THREE.WebGLShadowMap: PCFSoftShadowMap has been deprecated. Using PCFShadowMap instead. (file://C:/Users/amrit/mini projects/PlotKAre-temp/PLotKAre-temp1/webpage/.next/dev/static/chunks/node_modules_next_dist_115brz8._.js:2431:13)
[browser] THREE.WebGLShadowMap: PCFSoftShadowMap has been deprecated. Using PCFShadowMap instead. (file://C:/Users/amrit/mini projects/PlotKAre-temp/PLotKAre-temp1/webpage/.next/dev/static/chunks/node_modules_next_dist_115brz8._.js:2431:13)
[browser] THREE.WebGLShadowMap: PCFSoftShadowMap has been deprecated. Using PCFShadowMap instead. (file://C:/Users/amrit/mini projects/PlotKAre-temp/PLotKAre-temp1/webpage/.next/dev/static/chunks/node_modules_next_dist_115brz8._.js:2431:13)
[browser] THREE.WebGLShadowMap: PCFSoftShadowMap has been deprecated. Using PCFShadowMap instead. (file://C:/Users/amrit/mini projects/PlotKAre-temp/PLotKAre-temp1/webpage/.next/dev/static/chunks/node_modules_next_dist_115brz8._.js:2431:13)
[browser] THREE.WebGLShadowMap: PCFSoftShadowMap has been deprecated. Using PCFShadowMap instead. (file://C:/Users/amrit/mini projects/PlotKAre-temp/PLotKAre-temp1/webpage/.next/dev/static/chunks/node_modules_next_dist_115brz8._.js:2431:13)
[browser] THREE.Clock: This module has been deprecated. Please use THREE.Timer instead. (file://C:/Users/amrit/mini projects/PlotKAre-temp/PLotKAre-temp1/webpage/.next/dev/static/chunks/node_modules_next_dist_115brz8._.js:2431:13)
[browser] THREE.WebGLShadowMap: PCFSoftShadowMap has been deprecated. Using PCFShadowMap instead. (file://C:/Users/amrit/mini projects/PlotKAre-temp/PLotKAre-temp1/webpage/.next/dev/static/chunks/node_modules_next_dist_115brz8._.js:2431:13)
[browser] THREE.WebGLShadowMap: PCFSoftShadowMap has been deprecated. Using PCFShadowMap instead. (file://C:/Users/amrit/mini projects/PlotKAre-temp/PLotKAre-temp1/webpage/.next/dev/static/chunks/node_modules_next_dist_115brz8._.js:2431:13)
[browser] THREE.WebGLShadowMap: PCFSoftShadowMap has been deprecated. Using PCFShadowMap instead. (file://C:/Users/amrit/mini projects/PlotKAre-temp/PLotKAre-temp1/webpage/.next/dev/static/chunks/node_modules_next_dist_115brz8._.js:2431:13)
[browser] THREE.WebGLShadowMap: PCFSoftShadowMap has been deprecated. Using PCFShadowMap instead. (file://C:/Users/amrit/mini projects/PlotKAre-temp/PLotKAre-temp1/webpage/.next/dev/static/chunks/node_modules_next_dist_115brz8._.js:2431:13)
[browser] THREE.WebGLShadowMap: PCFSoftShadowMap has been deprecated. Using PCFShadowMap instead. (file://C:/Users/amrit/mini projects/PlotKAre-temp/PLotKAre-temp1/webpage/.next/dev/static/chunks/node_modules_next_dist_115brz8._.js:2431:13)
[browser] THREE.WebGLShadowMap: PCFSoftShadowMap has been deprecated. Using PCFShadowMap instead. (file://C:/Users/amrit/mini projects/PlotKAre-temp/PLotKAre-temp1/webpage/.next/dev/static/chunks/node_modules_next_dist_115brz8._.js:2431:13)
[browser] THREE.WebGLShadowMap: PCFSoftShadowMap has been deprecated. Using PCFShadowMap instead. (file://C:/Users/amrit/mini projects/PlotKAre-temp/PLotKAre-temp1/webpage/.next/dev/static/chunks/node_modules_next_dist_115brz8._.js:2431:13)
[browser] THREE.WebGLShadowMap: PCFSoftShadowMap has been deprecated. Using PCFShadowMap instead. (file://C:/Users/amrit/mini projects/PlotKAre-temp/PLotKAre-temp1/webpage/.next/dev/static/chunks/node_modules_next_dist_115brz8._.js:2431:13)
[browser] THREE.WebGLShadowMap: PCFSoftShadowMap has been deprecated. Using PCFShadowMap instead. (file://C:/Users/amrit/mini projects/PlotKAre-temp/PLotKAre-temp1/webpage/.next/dev/static/chunks/node_modules_next_dist_115brz8._.js:2431:13)
[browser] THREE.WebGLShadowMap: PCFSoftShadowMap has been deprecated. Using PCFShadowMap instead. (file://C:/Users/amrit/mini projects/PlotKAre-temp/PLotKAre-temp1/webpage/.next/dev/static/chunks/node_modules_next_dist_115brz8._.js:2431:13)
[browser] THREE.WebGLShadowMap: PCFSoftShadowMap has been deprecated. Using PCFShadowMap instead. (file://C:/Users/amrit/mini projects/PlotKAre-temp/PLotKAre-temp1/webpage/.next/dev/static/chunks/node_modules_next_dist_115brz8._.js:2431:13)
[browser] THREE.WebGLShadowMap: PCFSoftShadowMap has been deprecated. Using PCFShadowMap instead. (file://C:/Users/amrit/mini projects/PlotKAre-temp/PLotKAre-temp1/webpage/.next/dev/static/chunks/node_modules_next_dist_115brz8._.js:2431:13)
[browser] THREE.WebGLShadowMap: PCFSoftShadowMap has been deprecated. Using PCFShadowMap instead. (file://C:/Users/amrit/mini projects/PlotKAre-temp/PLotKAre-temp1/webpage/.next/dev/static/chunks/node_modules_next_dist_115brz8._.js:2431:13)
[browser] THREE.WebGLShadowMap: PCFSoftShadowMap has been deprecated. Using PCFShadowMap instead. (file://C:/Users/amrit/mini projects/PlotKAre-temp/PLotKAre-temp1/webpage/.next/dev/static/chunks/node_modules_next_dist_115brz8._.js:2431:13)
[browser] THREE.WebGLShadowMap: PCFSoftShadowMap has been deprecated. Using PCFShadowMap instead. (file://C:/Users/amrit/mini projects/PlotKAre-temp/PLotKAre-temp1/webpage/.next/dev/static/chunks/node_modules_next_dist_115brz8._.js:2431:13)
[browser] THREE.WebGLShadowMap: PCFSoftShadowMap has been deprecated. Using PCFShadowMap instead. (file://C:/Users/amrit/mini projects/PlotKAre-temp/PLotKAre-temp1/webpage/.next/dev/static/chunks/node_modules_next_dist_115brz8._.js:2431:13)
[browser] THREE.WebGLShadowMap: PCFSoftShadowMap has been deprecated. Using PCFShadowMap instead. (file://C:/Users/amrit/mini projects/PlotKAre-temp/PLotKAre-temp1/webpage/.next/dev/static/chunks/node_modules_next_dist_115brz8._.js:2431:13)
[browser] THREE.WebGLShadowMap: PCFSoftShadowMap has been deprecated. Using PCFShadowMap instead. (file://C:/Users/amrit/mini projects/PlotKAre-temp/PLotKAre-temp1/webpage/.next/dev/static/chunks/node_modules_next_dist_115brz8._.js:2431:13)
[browser] THREE.WebGLShadowMap: PCFSoftShadowMap has been deprecated. Using PCFShadowMap instead. (file://C:/Users/amrit/mini projects/PlotKAre-temp/PLotKAre-temp1/webpage/.next/dev/static/chunks/node_modules_next_dist_115brz8._.js:2431:13)
[browser] THREE.WebGLShadowMap: PCFSoftShadowMap has been deprecated. Using PCFShadowMap instead. (file://C:/Users/amrit/mini projects/PlotKAre-temp/PLotKAre-temp1/webpage/.next/dev/static/chunks/node_modules_next_dist_115brz8._.js:2431:13)
[browser] THREE.WebGLShadowMap: PCFSoftShadowMap has been deprecated. Using PCFShadowMap instead. (file://C:/Users/amrit/mini projects/PlotKAre-temp/PLotKAre-temp1/webpage/.next/dev/static/chunks/node_modules_next_dist_115brz8._.js:2431:13)
[browser] THREE.WebGLShadowMap: PCFSoftShadowMap has been deprecated. Using PCFShadowMap instead. (file://C:/Users/amrit/mini projects/PlotKAre-temp/PLotKAre-temp1/webpage/.next/dev/static/chunks/node_modules_next_dist_115brz8._.js:2431:13)
[browser] THREE.WebGLShadowMap: PCFSoftShadowMap has been deprecated. Using PCFShadowMap instead. (file://C:/Users/amrit/mini projects/PlotKAre-temp/PLotKAre-temp1/webpage/.next/dev/static/chunks/node_modules_next_dist_115brz8._.js:2431:13)
[browser] THREE.WebGLShadowMap: PCFSoftShadowMap has been deprecated. Using PCFShadowMap instead. (file://C:/Users/amrit/mini projects/PlotKAre-temp/PLotKAre-temp1/webpage/.next/dev/static/chunks/node_modules_next_dist_115brz8._.js:2431:13)
[browser] THREE.WebGLShadowMap: PCFSoftShadowMap has been deprecated. Using PCFShadowMap instead. (file://C:/Users/amrit/mini projects/PlotKAre-temp/PLotKAre-temp1/webpage/.next/dev/static/chunks/node_modules_next_dist_115brz8._.js:2431:13)
[browser] THREE.WebGLShadowMap: PCFSoftShadowMap has been deprecated. Using PCFShadowMap instead. (file://C:/Users/amrit/mini projects/PlotKAre-temp/PLotKAre-temp1/webpage/.next/dev/static/chunks/node_modules_next_dist_115brz8._.js:2431:13)
[browser] THREE.WebGLShadowMap: PCFSoftShadowMap has been deprecated. Using PCFShadowMap instead. (file://C:/Users/amrit/mini projects/PlotKAre-temp/PLotKAre-temp1/webpage/.next/dev/static/chunks/node_modules_next_dist_115brz8._.js:2431:13)
[browser] THREE.WebGLShadowMap: PCFSoftShadowMap has been deprecated. Using PCFShadowMap instead. (file://C:/Users/amrit/mini projects/PlotKAre-temp/PLotKAre-temp1/webpage/.next/dev/static/chunks/node_modules_next_dist_115brz8._.js:2431:13)
[browser] THREE.WebGLShadowMap: PCFSoftShadowMap has been deprecated. Using PCFShadowMap instead. (file://C:/Users/amrit/mini projects/PlotKAre-temp/PLotKAre-temp1/webpage/.next/dev/static/chunks/node_modules_next_dist_115brz8._.js:2431:13)
[browser] THREE.WebGLShadowMap: PCFSoftShadowMap has been deprecated. Using PCFShadowMap instead. (file://C:/Users/amrit/mini projects/PlotKAre-temp/PLotKAre-temp1/webpage/.next/dev/static/chunks/node_modules_next_dist_115brz8._.js:2431:13)
[browser] THREE.WebGLShadowMap: PCFSoftShadowMap has been deprecated. Using PCFShadowMap instead. (file://C:/Users/amrit/mini projects/PlotKAre-temp/PLotKAre-temp1/webpage/.next/dev/static/chunks/node_modules_next_dist_115brz8._.js:2431:13)
[browser] THREE.WebGLShadowMap: PCFSoftShadowMap has been deprecated. Using PCFShadowMap instead. (file://C:/Users/amrit/mini projects/PlotKAre-temp/PLotKAre-temp1/webpage/.next/dev/static/chunks/node_modules_next_dist_115brz8._.js:2431:13)
[browser] THREE.WebGLShadowMap: PCFSoftShadowMap has been deprecated. Using PCFShadowMap instead. (file://C:/Users/amrit/mini projects/PlotKAre-temp/PLotKAre-temp1/webpage/.next/dev/static/chunks/node_modules_next_dist_115brz8._.js:2431:13)
[browser] THREE.WebGLShadowMap: PCFSoftShadowMap has been deprecated. Using PCFShadowMap instead. (file://C:/Users/amrit/mini projects/PlotKAre-temp/PLotKAre-temp1/webpage/.next/dev/static/chunks/node_modules_next_dist_115brz8._.js:2431:13)
[browser] THREE.WebGLShadowMap: PCFSoftShadowMap has been deprecated. Using PCFShadowMap instead. (file://C:/Users/amrit/mini projects/PlotKAre-temp/PLotKAre-temp1/webpage/.next/dev/static/chunks/node_modules_next_dist_115brz8._.js:2431:13)
[browser] THREE.WebGLShadowMap: PCFSoftShadowMap has been deprecated. Using PCFShadowMap instead. (file://C:/Users/amrit/mini projects/PlotKAre-temp/PLotKAre-temp1/webpage/.next/dev/static/chunks/node_modules_next_dist_115brz8._.js:2431:13)
[browser] THREE.WebGLShadowMap: PCFSoftShadowMap has been deprecated. Using PCFShadowMap instead. (file://C:/Users/amrit/mini projects/PlotKAre-temp/PLotKAre-temp1/webpage/.next/dev/static/chunks/node_modules_next_dist_115brz8._.js:2431:13)
[browser] THREE.WebGLShadowMap: PCFSoftShadowMap has been deprecated. Using PCFShadowMap instead. (file://C:/Users/amrit/mini projects/PlotKAre-temp/PLotKAre-temp1/webpage/.next/dev/static/chunks/node_modules_next_dist_115brz8._.js:2431:13)
[browser] THREE.WebGLShadowMap: PCFSoftShadowMap has been deprecated. Using PCFShadowMap instead. (file://C:/Users/amrit/mini projects/PlotKAre-temp/PLotKAre-temp1/webpage/.next/dev/static/chunks/node_modules_next_dist_115brz8._.js:2431:13)
[browser] THREE.WebGLShadowMap: PCFSoftShadowMap has been deprecated. Using PCFShadowMap instead. (file://C:/Users/amrit/mini projects/PlotKAre-temp/PLotKAre-temp1/webpage/.next/dev/static/chunks/node_modules_next_dist_115brz8._.js:2431:13)
[browser] THREE.WebGLShadowMap: PCFSoftShadowMap has been deprecated. Using PCFShadowMap instead. (file://C:/Users/amrit/mini projects/PlotKAre-temp/PLotKAre-temp1/webpage/.next/dev/static/chunks/node_modules_next_dist_115brz8._.js:2431:13)
[browser] THREE.WebGLShadowMap: PCFSoftShadowMap has been deprecated. Using PCFShadowMap instead. (file://C:/Users/amrit/mini projects/PlotKAre-temp/PLotKAre-temp1/webpage/.next/dev/static/chunks/node_modules_next_dist_115brz8._.js:2431:13)
[browser] THREE.WebGLShadowMap: PCFSoftShadowMap has been deprecated. Using PCFShadowMap instead. (file://C:/Users/amrit/mini projects/PlotKAre-temp/PLotKAre-temp1/webpage/.next/dev/static/chunks/node_modules_next_dist_115brz8._.js:2431:13)
[browser] THREE.WebGLShadowMap: PCFSoftShadowMap has been deprecated. Using PCFShadowMap instead. (file://C:/Users/amrit/mini projects/PlotKAre-temp/PLotKAre-temp1/webpage/.next/dev/static/chunks/node_modules_next_dist_115brz8._.js:2431:13)
[browser] THREE.WebGLShadowMap: PCFSoftShadowMap has been deprecated. Using PCFShadowMap instead. (file://C:/Users/amrit/mini projects/PlotKAre-temp/PLotKAre-temp1/webpage/.next/dev/static/chunks/node_modules_next_dist_115brz8._.js:2431:13)
[browser] THREE.WebGLShadowMap: PCFSoftShadowMap has been deprecated. Using PCFShadowMap instead. (file://C:/Users/amrit/mini projects/PlotKAre-temp/PLotKAre-temp1/webpage/.next/dev/static/chunks/node_modules_next_dist_115brz8._.js:2431:13)
[browser] THREE.WebGLShadowMap: PCFSoftShadowMap has been deprecated. Using PCFShadowMap instead. (file://C:/Users/amrit/mini projects/PlotKAre-temp/PLotKAre-temp1/webpage/.next/dev/static/chunks/node_modules_next_dist_115brz8._.js:2431:13)
[browser] THREE.WebGLShadowMap: PCFSoftShadowMap has been deprecated. Using PCFShadowMap instead. (file://C:/Users/amrit/mini projects/PlotKAre-temp/PLotKAre-temp1/webpage/.next/dev/static/chunks/node_modules_next_dist_115brz8._.js:2431:13)
[browser] THREE.WebGLShadowMap: PCFSoftShadowMap has been deprecated. Using PCFShadowMap instead. (file://C:/Users/amrit/mini projects/PlotKAre-temp/PLotKAre-temp1/webpage/.next/dev/static/chunks/node_modules_next_dist_115brz8._.js:2431:13)
[browser] THREE.WebGLShadowMap: PCFSoftShadowMap has been deprecated. Using PCFShadowMap instead. (file://C:/Users/amrit/mini projects/PlotKAre-temp/PLotKAre-temp1/webpage/.next/dev/static/chunks/node_modules_next_dist_115brz8._.js:2431:13)
[browser] THREE.WebGLShadowMap: PCFSoftShadowMap has been deprecated. Using PCFShadowMap instead. (file://C:/Users/amrit/mini projects/PlotKAre-temp/PLotKAre-temp1/webpage/.next/dev/static/chunks/node_modules_next_dist_115brz8._.js:2431:13)
[browser] THREE.WebGLShadowMap: PCFSoftShadowMap has been deprecated. Using PCFShadowMap instead. (file://C:/Users/amrit/mini projects/PlotKAre-temp/PLotKAre-temp1/webpage/.next/dev/static/chunks/node_modules_next_dist_115brz8._.js:2431:13)
[browser] THREE.WebGLShadowMap: PCFSoftShadowMap has been deprecated. Using PCFShadowMap instead. (file://C:/Users/amrit/mini projects/PlotKAre-temp/PLotKAre-temp1/webpage/.next/dev/static/chunks/node_modules_next_dist_115brz8._.js:2431:13)
[browser] THREE.WebGLShadowMap: PCFSoftShadowMap has been deprecated. Using PCFShadowMap instead. (file://C:/Users/amrit/mini projects/PlotKAre-temp/PLotKAre-temp1/webpage/.next/dev/static/chunks/node_modules_next_dist_115brz8._.js:2431:13)
[browser] THREE.WebGLShadowMap: PCFSoftShadowMap has been deprecated. Using PCFShadowMap instead. (file://C:/Users/amrit/mini projects/PlotKAre-temp/PLotKAre-temp1/webpage/.next/dev/static/chunks/node_modules_next_dist_115brz8._.js:2431:13)
[browser] THREE.WebGLShadowMap: PCFSoftShadowMap has been deprecated. Using PCFShadowMap instead. (file://C:/Users/amrit/mini projects/PlotKAre-temp/PLotKAre-temp1/webpage/.next/dev/static/chunks/node_modules_next_dist_115brz8._.js:2431:13)
[browser] THREE.WebGLShadowMap: PCFSoftShadowMap has been deprecated. Using PCFShadowMap instead. (file://C:/Users/amrit/mini projects/PlotKAre-temp/PLotKAre-temp1/webpage/.next/dev/static/chunks/node_modules_next_dist_115brz8._.js:2431:13)
[browser] THREE.WebGLShadowMap: PCFSoftShadowMap has been deprecated. Using PCFShadowMap instead. (file://C:/Users/amrit/mini projects/PlotKAre-temp/PLotKAre-temp1/webpage/.next/dev/static/chunks/node_modules_next_dist_115brz8._.js:2431:13)
[browser] THREE.WebGLShadowMap: PCFSoftShadowMap has been deprecated. Using PCFShadowMap instead. (file://C:/Users/amrit/mini projects/PlotKAre-temp/PLotKAre-temp1/webpage/.next/dev/static/chunks/node_modules_next_dist_115brz8._.js:2431:13)
[browser] THREE.WebGLShadowMap: PCFSoftShadowMap has been deprecated. Using PCFShadowMap instead. (file://C:/Users/amrit/mini projects/PlotKAre-temp/PLotKAre-temp1/webpage/.next/dev/static/chunks/node_modules_next_dist_115brz8._.js:2431:13)
[browser] THREE.WebGLShadowMap: PCFSoftShadowMap has been deprecated. Using PCFShadowMap instead. (file://C:/Users/amrit/mini projects/PlotKAre-temp/PLotKAre-temp1/webpage/.next/dev/static/chunks/node_modules_next_dist_115brz8._.js:2431:13)
[browser] THREE.Clock: This module has been deprecated. Please use THREE.Timer instead. (file://C:/Users/amrit/mini projects/PlotKAre-temp/PLotKAre-temp1/webpage/.next/dev/static/chunks/node_modules_next_dist_115brz8._.js:2431:13)
[browser] THREE.WebGLShadowMap: PCFSoftShadowMap has been deprecated. Using PCFShadowMap instead. (file://C:/Users/amrit/mini projects/PlotKAre-temp/PLotKAre-temp1/webpage/.next/dev/static/chunks/node_modules_next_dist_115brz8._.js:2431:13)
[browser] THREE.WebGLShadowMap: PCFSoftShadowMap has been deprecated. Using PCFShadowMap instead. (file://C:/Users/amrit/mini projects/PlotKAre-temp/PLotKAre-temp1/webpage/.next/dev/static/chunks/node_modules_next_dist_115brz8._.js:2431:13)
[browser] THREE.WebGLShadowMap: PCFSoftShadowMap has been deprecated. Using PCFShadowMap instead. (file://C:/Users/amrit/mini projects/PlotKAre-temp/PLotKAre-temp1/webpage/.next/dev/static/chunks/node_modules_next_dist_115brz8._.js:2431:13)
[browser] THREE.WebGLShadowMap: PCFSoftShadowMap has been deprecated. Using PCFShadowMap instead. (file://C:/Users/amrit/mini projects/PlotKAre-temp/PLotKAre-temp1/webpage/.next/dev/static/chunks/node_modules_next_dist_115brz8._.js:2431:13)
[browser] THREE.WebGLShadowMap: PCFSoftShadowMap has been deprecated. Using PCFShadowMap instead. (file://C:/Users/amrit/mini projects/PlotKAre-temp/PLotKAre-temp1/webpage/.next/dev/static/chunks/node_modules_next_dist_115brz8._.js:2431:13)
[browser] THREE.WebGLShadowMap: PCFSoftShadowMap has been deprecated. Using PCFShadowMap instead. (file://C:/Users/amrit/mini projects/PlotKAre-temp/PLotKAre-temp1/webpage/.next/dev/static/chunks/node_modules_next_dist_115brz8._.js:2431:13)
[browser] THREE.WebGLShadowMap: PCFSoftShadowMap has been deprecated. Using PCFShadowMap instead. (file://C:/Users/amrit/mini projects/PlotKAre-temp/PLotKAre-temp1/webpage/.next/dev/static/chunks/node_modules_next_dist_115brz8._.js:2431:13)
[browser] THREE.WebGLShadowMap: PCFSoftShadowMap has been deprecated. Using PCFShadowMap instead. (file://C:/Users/amrit/mini projects/PlotKAre-temp/PLotKAre-temp1/webpage/.next/dev/static/chunks/node_modules_next_dist_115brz8._.js:2431:13)
[browser] THREE.WebGLShadowMap: PCFSoftShadowMap has been deprecated. Using PCFShadowMap instead. (file://C:/Users/amrit/mini projects/PlotKAre-temp/PLotKAre-temp1/webpage/.next/dev/static/chunks/node_modules_next_dist_115brz8._.js:2431:13)
[browser] THREE.Clock: This module has been deprecated. Please use THREE.Timer instead. (file://C:/Users/amrit/mini projects/PlotKAre-temp/PLotKAre-temp1/webpage/.next/dev/static/chunks/node_modules_next_dist_115brz8._.js:2431:13)
[browser] THREE.WebGLShadowMap: PCFSoftShadowMap has been deprecated. Using PCFShadowMap instead. (file://C:/Users/amrit/mini projects/PlotKAre-temp/PLotKAre-temp1/webpage/.next/dev/static/chunks/node_modules_next_dist_115brz8._.js:2431:13)
[browser] THREE.WebGLShadowMap: PCFSoftShadowMap has been deprecated. Using PCFShadowMap instead. (file://C:/Users/amrit/mini projects/PlotKAre-temp/PLotKAre-temp1/webpage/.next/dev/static/chunks/node_modules_next_dist_115brz8._.js:2431:13)
[browser] THREE.WebGLShadowMap: PCFSoftShadowMap has been deprecated. Using PCFShadowMap instead. (file://C:/Users/amrit/mini projects/PlotKAre-temp/PLotKAre-temp1/webpage/.next/dev/static/chunks/node_modules_next_dist_115brz8._.js:2431:13)
[browser] THREE.WebGLShadowMap: PCFSoftShadowMap has been deprecated. Using PCFShadowMap instead. (file://C:/Users/amrit/mini projects/PlotKAre-temp/PLotKAre-temp1/webpage/.next/dev/static/chunks/node_modules_next_dist_115brz8._.js:2431:13)
[browser] THREE.WebGLShadowMap: PCFSoftShadowMap has been deprecated. Using PCFShadowMap instead. (file://C:/Users/amrit/mini projects/PlotKAre-temp/PLotKAre-temp1/webpage/.next/dev/static/chunks/node_modules_next_dist_115brz8._.js:2431:13)
[browser] THREE.WebGLShadowMap: PCFSoftShadowMap has been deprecated. Using PCFShadowMap instead. (file://C:/Users/amrit/mini projects/PlotKAre-temp/PLotKAre-temp1/webpage/.next/dev/static/chunks/node_modules_next_dist_115brz8._.js:2431:13)
[browser] THREE.WebGLShadowMap: PCFSoftShadowMap has been deprecated. Using PCFShadowMap instead. (file://C:/Users/amrit/mini projects/PlotKAre-temp/PLotKAre-temp1/webpage/.next/dev/static/chunks/node_modules_next_dist_115brz8._.js:2431:13)
[browser] THREE.WebGLShadowMap: PCFSoftShadowMap has been deprecated. Using PCFShadowMap instead. (file://C:/Users/amrit/mini projects/PlotKAre-temp/PLotKAre-temp1/webpage/.next/dev/static/chunks/node_modules_next_dist_115brz8._.js:2431:13)
[browser] THREE.WebGLShadowMap: PCFSoftShadowMap has been deprecated. Using PCFShadowMap instead. (file://C:/Users/amrit/mini projects/PlotKAre-temp/PLotKAre-temp1/webpage/.next/dev/static/chunks/node_modules_next_dist_115brz8._.js:2431:13)
[browser] THREE.WebGLShadowMap: PCFSoftShadowMap has been deprecated. Using PCFShadowMap instead. (file://C:/Users/amrit/mini projects/PlotKAre-temp/PLotKAre-temp1/webpage/.next/dev/static/chunks/node_modules_next_dist_115brz8._.js:2431:13)
[browser] THREE.WebGLShadowMap: PCFSoftShadowMap has been deprecated. Using PCFShadowMap instead. (file://C:/Users/amrit/mini projects/PlotKAre-temp/PLotKAre-temp1/webpage/.next/dev/static/chunks/node_modules_next_dist_115brz8._.js:2431:13)
[browser] THREE.WebGLShadowMap: PCFSoftShadowMap has been deprecated. Using PCFShadowMap instead. (file://C:/Users/amrit/mini projects/PlotKAre-temp/PLotKAre-temp1/webpage/.next/dev/static/chunks/node_modules_next_dist_115brz8._.js:2431:13)
[browser] THREE.WebGLShadowMap: PCFSoftShadowMap has been deprecated. Using PCFShadowMap instead. (file://C:/Users/amrit/mini projects/PlotKAre-temp/PLotKAre-temp1/webpage/.next/dev/static/chunks/node_modules_next_dist_115brz8._.js:2431:13)
[browser] THREE.WebGLShadowMap: PCFSoftShadowMap has been deprecated. Using PCFShadowMap instead. (file://C:/Users/amrit/mini projects/PlotKAre-temp/PLotKAre-temp1/webpage/.next/dev/static/chunks/node_modules_next_dist_115brz8._.js:2431:13)
[browser] THREE.WebGLShadowMap: PCFSoftShadowMap has been deprecated. Using PCFShadowMap instead. (file://C:/Users/amrit/mini projects/PlotKAre-temp/PLotKAre-temp1/webpage/.next/dev/static/chunks/node_modules_next_dist_115brz8._.js:2431:13)
[browser] THREE.WebGLShadowMap: PCFSoftShadowMap has been deprecated. Using PCFShadowMap instead. (file://C:/Users/amrit/mini projects/PlotKAre-temp/PLotKAre-temp1/webpage/.next/dev/static/chunks/node_modules_next_dist_115brz8._.js:2431:13)
[browser] THREE.WebGLShadowMap: PCFSoftShadowMap has been deprecated. Using PCFShadowMap instead. (file://C:/Users/amrit/mini projects/PlotKAre-temp/PLotKAre-temp1/webpage/.next/dev/static/chunks/node_modules_next_dist_115brz8._.js:2431:13)
[browser] THREE.WebGLShadowMap: PCFSoftShadowMap has been deprecated. Using PCFShadowMap instead. (file://C:/Users/amrit/mini projects/PlotKAre-temp/PLotKAre-temp1/webpage/.next/dev/static/chunks/node_modules_next_dist_115brz8._.js:2431:13)
[browser] THREE.WebGLShadowMap: PCFSoftShadowMap has been deprecated. Using PCFShadowMap instead. (file://C:/Users/amrit/mini projects/PlotKAre-temp/PLotKAre-temp1/webpage/.next/dev/static/chunks/node_modules_next_dist_115brz8._.js:2431:13)
[browser] THREE.WebGLShadowMap: PCFSoftShadowMap has been deprecated. Using PCFShadowMap instead. (file://C:/Users/amrit/mini projects/PlotKAre-temp/PLotKAre-temp1/webpage/.next/dev/static/chunks/node_modules_next_dist_115brz8._.js:2431:13)
[browser] THREE.WebGLShadowMap: PCFSoftShadowMap has been deprecated. Using PCFShadowMap instead. (file://C:/Users/amrit/mini projects/PlotKAre-temp/PLotKAre-temp1/webpage/.next/dev/static/chunks/node_modules_next_dist_115brz8._.js:2431:13)
[browser] THREE.WebGLShadowMap: PCFSoftShadowMap has been deprecated. Using PCFShadowMap instead. (file://C:/Users/amrit/mini projects/PlotKAre-temp/PLotKAre-temp1/webpage/.next/dev/static/chunks/node_modules_next_dist_115brz8._.js:2431:13)
[browser] THREE.WebGLShadowMap: PCFSoftShadowMap has been deprecated. Using PCFShadowMap instead. (file://C:/Users/amrit/mini projects/PlotKAre-temp/PLotKAre-temp1/webpage/.next/dev/static/chunks/node_modules_next_dist_115brz8._.js:2431:13)
[browser] THREE.WebGLShadowMap: PCFSoftShadowMap has been deprecated. Using PCFShadowMap instead. (file://C:/Users/amrit/mini projects/PlotKAre-temp/PLotKAre-temp1/webpage/.next/dev/static/chunks/node_modules_next_dist_115brz8._.js:2431:13)
[browser] THREE.WebGLShadowMap: PCFSoftShadowMap has been deprecated. Using PCFShadowMap instead. (file://C:/Users/amrit/mini projects/PlotKAre-temp/PLotKAre-temp1/webpage/.next/dev/static/chunks/node_modules_next_dist_115brz8._.js:2431:13)
[browser] THREE.WebGLShadowMap: PCFSoftShadowMap has been deprecated. Using PCFShadowMap instead. (file://C:/Users/amrit/mini projects/PlotKAre-temp/PLotKAre-temp1/webpage/.next/dev/static/chunks/node_modules_next_dist_115brz8._.js:2431:13)
[browser] THREE.WebGLShadowMap: PCFSoftShadowMap has been deprecated. Using PCFShadowMap instead. (file://C:/Users/amrit/mini projects/PlotKAre-temp/PLotKAre-temp1/webpage/.next/dev/static/chunks/node_modules_next_dist_115brz8._.js:2431:13)
[browser] THREE.WebGLShadowMap: PCFSoftShadowMap has been deprecated. Using PCFShadowMap instead. (file://C:/Users/amrit/mini projects/PlotKAre-temp/PLotKAre-temp1/webpage/.next/dev/static/chunks/node_modules_next_dist_115brz8._.js:2431:13)
[browser] THREE.WebGLShadowMap: PCFSoftShadowMap has been deprecated. Using PCFShadowMap instead. (file://C:/Users/amrit/mini projects/PlotKAre-temp/PLotKAre-temp1/webpage/.next/dev/static/chunks/node_modules_next_dist_115brz8._.js:2431:13)
[browser] THREE.WebGLShadowMap: PCFSoftShadowMap has been deprecated. Using PCFShadowMap instead. (file://C:/Users/amrit/mini projects/PlotKAre-temp/PLotKAre-temp1/webpage/.next/dev/static/chunks/node_modules_next_dist_115brz8._.js:2431:13)
[browser] THREE.WebGLShadowMap: PCFSoftShadowMap has been deprecated. Using PCFShadowMap instead. (file://C:/Users/amrit/mini projects/PlotKAre-temp/PLotKAre-temp1/webpage/.next/dev/static/chunks/node_modules_next_dist_115brz8._.js:2431:13)
[browser] THREE.WebGLShadowMap: PCFSoftShadowMap has been deprecated. Using PCFShadowMap instead. (file://C:/Users/amrit/mini projects/PlotKAre-temp/PLotKAre-temp1/webpage/.next/dev/static/chunks/node_modules_next_dist_115brz8._.js:2431:13)
[browser] THREE.WebGLShadowMap: PCFSoftShadowMap has been deprecated. Using PCFShadowMap instead. (file://C:/Users/amrit/mini projects/PlotKAre-temp/PLotKAre-temp1/webpage/.next/dev/static/chunks/node_modules_next_dist_115brz8._.js:2431:13)
[browser] THREE.WebGLShadowMap: PCFSoftShadowMap has been deprecated. Using PCFShadowMap instead. (file://C:/Users/amrit/mini projects/PlotKAre-temp/PLotKAre-temp1/webpage/.next/dev/static/chunks/node_modules_next_dist_115brz8._.js:2431:13)
[browser] THREE.WebGLShadowMap: PCFSoftShadowMap has been deprecated. Using PCFShadowMap instead. (file://C:/Users/amrit/mini projects/PlotKAre-temp/PLotKAre-temp1/webpage/.next/dev/static/chunks/node_modules_next_dist_115brz8._.js:2431:13)
[browser] THREE.WebGLShadowMap: PCFSoftShadowMap has been deprecated. Using PCFShadowMap instead. (file://C:/Users/amrit/mini projects/PlotKAre-temp/PLotKAre-temp1/webpage/.next/dev/static/chunks/node_modules_next_dist_115brz8._.js:2431:13)
[browser] THREE.WebGLShadowMap: PCFSoftShadowMap has been deprecated. Using PCFShadowMap instead. (file://C:/Users/amrit/mini projects/PlotKAre-temp/PLotKAre-temp1/webpage/.next/dev/static/chunks/node_modules_next_dist_115brz8._.js:2431:13)
[browser] THREE.WebGLShadowMap: PCFSoftShadowMap has been deprecated. Using PCFShadowMap instead. (file://C:/Users/amrit/mini projects/PlotKAre-temp/PLotKAre-temp1/webpage/.next/dev/static/chunks/node_modules_next_dist_115brz8._.js:2431:13)
[browser] THREE.WebGLShadowMap: PCFSoftShadowMap has been deprecated. Using PCFShadowMap instead. (file://C:/Users/amrit/mini projects/PlotKAre-temp/PLotKAre-temp1/webpage/.next/dev/static/chunks/node_modules_next_dist_115brz8._.js:2431:13)
[browser] THREE.WebGLShadowMap: PCFSoftShadowMap has been deprecated. Using PCFShadowMap instead. (file://C:/Users/amrit/mini projects/PlotKAre-temp/PLotKAre-temp1/webpage/.next/dev/static/chunks/node_modules_next_dist_115brz8._.js:2431:13)
[browser] THREE.WebGLShadowMap: PCFSoftShadowMap has been deprecated. Using PCFShadowMap instead. (file://C:/Users/amrit/mini projects/PlotKAre-temp/PLotKAre-temp1/webpage/.next/dev/static/chunks/node_modules_next_dist_115brz8._.js:2431:13)
[browser] THREE.WebGLShadowMap: PCFSoftShadowMap has been deprecated. Using PCFShadowMap instead. (file://C:/Users/amrit/mini projects/PlotKAre-temp/PLotKAre-temp1/webpage/.next/dev/static/chunks/node_modules_next_dist_115brz8._.js:2431:13)
[browser] THREE.WebGLShadowMap: PCFSoftShadowMap has been deprecated. Using PCFShadowMap instead. (file://C:/Users/amrit/mini projects/PlotKAre-temp/PLotKAre-temp1/webpage/.next/dev/static/chunks/node_modules_next_dist_115brz8._.js:2431:13)
[browser] THREE.WebGLShadowMap: PCFSoftShadowMap has been deprecated. Using PCFShadowMap instead. (file://C:/Users/amrit/mini projects/PlotKAre-temp/PLotKAre-temp1/webpage/.next/dev/static/chunks/node_modules_next_dist_115brz8._.js:2431:13)
[browser] THREE.WebGLShadowMap: PCFSoftShadowMap has been deprecated. Using PCFShadowMap instead. (file://C:/Users/amrit/mini projects/PlotKAre-temp/PLotKAre-temp1/webpage/.next/dev/static/chunks/node_modules_next_dist_115brz8._.js:2431:13)
[browser] THREE.WebGLShadowMap: PCFSoftShadowMap has been deprecated. Using PCFShadowMap instead. (file://C:/Users/amrit/mini projects/PlotKAre-temp/PLotKAre-temp1/webpage/.next/dev/static/chunks/node_modules_next_dist_115brz8._.js:2431:13)
[browser] THREE.WebGLShadowMap: PCFSoftShadowMap has been deprecated. Using PCFShadowMap instead. (file://C:/Users/amrit/mini projects/PlotKAre-temp/PLotKAre-temp1/webpage/.next/dev/static/chunks/node_modules_next_dist_115brz8._.js:2431:13)
[browser] THREE.WebGLShadowMap: PCFSoftShadowMap has been deprecated. Using PCFShadowMap instead. (file://C:/Users/amrit/mini projects/PlotKAre-temp/PLotKAre-temp1/webpage/.next/dev/static/chunks/node_modules_next_dist_115brz8._.js:2431:13)
[browser] THREE.WebGLShadowMap: PCFSoftShadowMap has been deprecated. Using PCFShadowMap instead. (file://C:/Users/amrit/mini projects/PlotKAre-temp/PLotKAre-temp1/webpage/.next/dev/static/chunks/node_modules_next_dist_115brz8._.js:2431:13)
[browser] THREE.WebGLShadowMap: PCFSoftShadowMap has been deprecated. Using PCFShadowMap instead. (file://C:/Users/amrit/mini projects/PlotKAre-temp/PLotKAre-temp1/webpage/.next/dev/static/chunks/node_modules_next_dist_115brz8._.js:2431:13)
[browser] THREE.WebGLShadowMap: PCFSoftShadowMap has been deprecated. Using PCFShadowMap instead. (file://C:/Users/amrit/mini projects/PlotKAre-temp/PLotKAre-temp1/webpage/.next/dev/static/chunks/node_modules_next_dist_115brz8._.js:2431:13)
[browser] THREE.WebGLShadowMap: PCFSoftShadowMap has been deprecated. Using PCFShadowMap instead. (file://C:/Users/amrit/mini projects/PlotKAre-temp/PLotKAre-temp1/webpage/.next/dev/static/chunks/node_modules_next_dist_115brz8._.js:2431:13)
[browser] THREE.WebGLShadowMap: PCFSoftShadowMap has been deprecated. Using PCFShadowMap instead. (file://C:/Users/amrit/mini projects/PlotKAre-temp/PLotKAre-temp1/webpage/.next/dev/static/chunks/node_modules_next_dist_115brz8._.js:2431:13)
[browser] THREE.WebGLShadowMap: PCFSoftShadowMap has been deprecated. Using PCFShadowMap instead. (file://C:/Users/amrit/mini projects/PlotKAre-temp/PLotKAre-temp1/webpage/.next/dev/static/chunks/node_modules_next_dist_115brz8._.js:2431:13)
[browser] THREE.WebGLShadowMap: PCFSoftShadowMap has been deprecated. Using PCFShadowMap instead. (file://C:/Users/amrit/mini projects/PlotKAre-temp/PLotKAre-temp1/webpage/.next/dev/static/chunks/node_modules_next_dist_115brz8._.js:2431:13)
[browser] THREE.WebGLShadowMap: PCFSoftShadowMap has been deprecated. Using PCFShadowMap instead. (file://C:/Users/amrit/mini projects/PlotKAre-temp/PLotKAre-temp1/webpage/.next/dev/static/chunks/node_modules_next_dist_115brz8._.js:2431:13)
[browser] THREE.WebGLShadowMap: PCFSoftShadowMap has been deprecated. Using PCFShadowMap instead. (file://C:/Users/amrit/mini projects/PlotKAre-temp/PLotKAre-temp1/webpage/.next/dev/static/chunks/node_modules_next_dist_115brz8._.js:2431:13)
[browser] THREE.WebGLShadowMap: PCFSoftShadowMap has been deprecated. Using PCFShadowMap instead. (file://C:/Users/amrit/mini projects/PlotKAre-temp/PLotKAre-temp1/webpage/.next/dev/static/chunks/node_modules_next_dist_115brz8._.js:2431:13)
[browser] THREE.WebGLShadowMap: PCFSoftShadowMap has been deprecated. Using PCFShadowMap instead. (file://C:/Users/amrit/mini projects/PlotKAre-temp/PLotKAre-temp1/webpage/.next/dev/static/chunks/node_modules_next_dist_115brz8._.js:2431:13)
[browser] THREE.WebGLShadowMap: PCFSoftShadowMap has been deprecated. Using PCFShadowMap instead. (file://C:/Users/amrit/mini projects/PlotKAre-temp/PLotKAre-temp1/webpage/.next/dev/static/chunks/node_modules_next_dist_115brz8._.js:2431:13)
[browser] THREE.WebGLShadowMap: PCFSoftShadowMap has been deprecated. Using PCFShadowMap instead. (file://C:/Users/amrit/mini projects/PlotKAre-temp/PLotKAre-temp1/webpage/.next/dev/static/chunks/node_modules_next_dist_115brz8._.js:2431:13)
[browser] THREE.WebGLShadowMap: PCFSoftShadowMap has been deprecated. Using PCFShadowMap instead. (file://C:/Users/amrit/mini projects/PlotKAre-temp/PLotKAre-temp1/webpage/.next/dev/static/chunks/node_modules_next_dist_115brz8._.js:2431:13)
[browser] THREE.WebGLShadowMap: PCFSoftShadowMap has been deprecated. Using PCFShadowMap instead. (file://C:/Users/amrit/mini projects/PlotKAre-temp/PLotKAre-temp1/webpage/.next/dev/static/chunks/node_modules_next_dist_115brz8._.js:2431:13)
[browser] THREE.WebGLShadowMap: PCFSoftShadowMap has been deprecated. Using PCFShadowMap instead. (file://C:/Users/amrit/mini projects/PlotKAre-temp/PLotKAre-temp1/webpage/.next/dev/static/chunks/node_modules_next_dist_115brz8._.js:2431:13)
[browser] THREE.WebGLShadowMap: PCFSoftShadowMap has been deprecated. Using PCFShadowMap instead. (file://C:/Users/amrit/mini projects/PlotKAre-temp/PLotKAre-temp1/webpage/.next/dev/static/chunks/node_modules_next_dist_115brz8._.js:2431:13)
[browser] THREE.WebGLShadowMap: PCFSoftShadowMap has been deprecated. Using PCFShadowMap instead. (file://C:/Users/amrit/mini projects/PlotKAre-temp/PLotKAre-temp1/webpage/.next/dev/static/chunks/node_modules_next_dist_115brz8._.js:2431:13)
[browser] THREE.WebGLShadowMap: PCFSoftShadowMap has been deprecated. Using PCFShadowMap instead. (file://C:/Users/amrit/mini projects/PlotKAre-temp/PLotKAre-temp1/webpage/.next/dev/static/chunks/node_modules_next_dist_115brz8._.js:2431:13)
[browser] THREE.Clock: This module has been deprecated. Please use THREE.Timer instead. (file://C:/Users/amrit/mini projects/PlotKAre-temp/PLotKAre-temp1/webpage/.next/dev/static/chunks/node_modules_next_dist_115brz8._.js:2431:13)
[browser] THREE.WebGLShadowMap: PCFSoftShadowMap has been deprecated. Using PCFShadowMap instead. (file://C:/Users/amrit/mini projects/PlotKAre-temp/PLotKAre-temp1/webpage/.next/dev/static/chunks/node_modules_next_dist_115brz8._.js:2431:13)
[browser] THREE.WebGLShadowMap: PCFSoftShadowMap has been deprecated. Using PCFShadowMap instead. (file://C:/Users/amrit/mini projects/PlotKAre-temp/PLotKAre-temp1/webpage/.next/dev/static/chunks/node_modules_next_dist_115brz8._.js:2431:13)
[browser] THREE.WebGLShadowMap: PCFSoftShadowMap has been deprecated. Using PCFShadowMap instead. (file://C:/Users/amrit/mini projects/PlotKAre-temp/PLotKAre-temp1/webpage/.next/dev/static/chunks/node_modules_next_dist_115brz8._.js:2431:13)
[browser] THREE.WebGLShadowMap: PCFSoftShadowMap has been deprecated. Using PCFShadowMap instead. (file://C:/Users/amrit/mini projects/PlotKAre-temp/PLotKAre-temp1/webpage/.next/dev/static/chunks/node_modules_next_dist_115brz8._.js:2431:13)
[browser] THREE.WebGLShadowMap: PCFSoftShadowMap has been deprecated. Using PCFShadowMap instead. (file://C:/Users/amrit/mini projects/PlotKAre-temp/PLotKAre-temp1/webpage/.next/dev/static/chunks/node_modules_next_dist_115brz8._.js:2431:13)
[browser] THREE.WebGLShadowMap: PCFSoftShadowMap has been deprecated. Using PCFShadowMap instead. (file://C:/Users/amrit/mini projects/PlotKAre-temp/PLotKAre-temp1/webpage/.next/dev/static/chunks/node_modules_next_dist_115brz8._.js:2431:13)
[browser] THREE.WebGLShadowMap: PCFSoftShadowMap has been deprecated. Using PCFShadowMap instead. (file://C:/Users/amrit/mini projects/PlotKAre-temp/PLotKAre-temp1/webpage/.next/dev/static/chunks/node_modules_next_dist_115brz8._.js:2431:13)
[browser] THREE.WebGLShadowMap: PCFSoftShadowMap has been deprecated. Using PCFShadowMap instead. (file://C:/Users/amrit/mini projects/PlotKAre-temp/PLotKAre-temp1/webpage/.next/dev/static/chunks/node_modules_next_dist_115brz8._.js:2431:13)
[browser] THREE.WebGLShadowMap: PCFSoftShadowMap has been deprecated. Using PCFShadowMap instead. (file://C:/Users/amrit/mini projects/PlotKAre-temp/PLotKAre-temp1/webpage/.next/dev/static/chunks/node_modules_next_dist_115brz8._.js:2431:13)
[browser] THREE.WebGLShadowMap: PCFSoftShadowMap has been deprecated. Using PCFShadowMap instead. (file://C:/Users/amrit/mini projects/PlotKAre-temp/PLotKAre-temp1/webpage/.next/dev/static/chunks/node_modules_next_dist_115brz8._.js:2431:13)
[browser] THREE.WebGLShadowMap: PCFSoftShadowMap has been deprecated. Using PCFShadowMap instead. (file://C:/Users/amrit/mini projects/PlotKAre-temp/PLotKAre-temp1/webpage/.next/dev/static/chunks/node_modules_next_dist_115brz8._.js:2431:13)
[browser] THREE.WebGLShadowMap: PCFSoftShadowMap has been deprecated. Using PCFShadowMap instead. (file://C:/Users/amrit/mini projects/PlotKAre-temp/PLotKAre-temp1/webpage/.next/dev/static/chunks/node_modules_next_dist_115brz8._.js:2431:13)
[browser] THREE.WebGLShadowMap: PCFSoftShadowMap has been deprecated. Using PCFShadowMap instead. (file://C:/Users/amrit/mini projects/PlotKAre-temp/PLotKAre-temp1/webpage/.next/dev/static/chunks/node_modules_next_dist_115brz8._.js:2431:13)
[browser] THREE.WebGLShadowMap: PCFSoftShadowMap has been deprecated. Using PCFShadowMap instead. (file://C:/Users/amrit/mini projects/PlotKAre-temp/PLotKAre-temp1/webpage/.next/dev/static/chunks/node_modules_next_dist_115brz8._.js:2431:13)
[browser] THREE.WebGLShadowMap: PCFSoftShadowMap has been deprecated. Using PCFShadowMap instead. (file://C:/Users/amrit/mini projects/PlotKAre-temp/PLotKAre-temp1/webpage/.next/dev/static/chunks/node_modules_next_dist_115brz8._.js:2431:13)
[browser] THREE.WebGLShadowMap: PCFSoftShadowMap has been deprecated. Using PCFShadowMap instead. (file://C:/Users/amrit/mini projects/PlotKAre-temp/PLotKAre-temp1/webpage/.next/dev/static/chunks/node_modules_next_dist_115brz8._.js:2431:13)
[browser] THREE.WebGLShadowMap: PCFSoftShadowMap has been deprecated. Using PCFShadowMap instead. (file://C:/Users/amrit/mini projects/PlotKAre-temp/PLotKAre-temp1/webpage/.next/dev/static/chunks/node_modules_next_dist_115brz8._.js:2431:13)
[browser] THREE.WebGLShadowMap: PCFSoftShadowMap has been deprecated. Using PCFShadowMap instead. (file://C:/Users/amrit/mini projects/PlotKAre-temp/PLotKAre-temp1/webpage/.next/dev/static/chunks/node_modules_next_dist_115brz8._.js:2431:13)
[browser] THREE.WebGLShadowMap: PCFSoftShadowMap has been deprecated. Using PCFShadowMap instead. (file://C:/Users/amrit/mini projects/PlotKAre-temp/PLotKAre-temp1/webpage/.next/dev/static/chunks/node_modules_next_dist_115brz8._.js:2431:13)
[browser] THREE.WebGLShadowMap: PCFSoftShadowMap has been deprecated. Using PCFShadowMap instead. (file://C:/Users/amrit/mini projects/PlotKAre-temp/PLotKAre-temp1/webpage/.next/dev/static/chunks/node_modules_next_dist_115brz8._.js:2431:13)
[browser] THREE.WebGLShadowMap: PCFSoftShadowMap has been deprecated. Using PCFShadowMap instead. (file://C:/Users/amrit/mini projects/PlotKAre-temp/PLotKAre-temp1/webpage/.next/dev/static/chunks/node_modules_next_dist_115brz8._.js:2431:13)
[browser] THREE.WebGLShadowMap: PCFSoftShadowMap has been deprecated. Using PCFShadowMap instead. (file://C:/Users/amrit/mini projects/PlotKAre-temp/PLotKAre-temp1/webpage/.next/dev/static/chunks/node_modules_next_dist_115brz8._.js:2431:13)
[browser] THREE.WebGLShadowMap: PCFSoftShadowMap has been deprecated. Using PCFShadowMap instead. (file://C:/Users/amrit/mini projects/PlotKAre-temp/PLotKAre-temp1/webpage/.next/dev/static/chunks/node_modules_next_dist_115brz8._.js:2431:13)
[browser] THREE.WebGLShadowMap: PCFSoftShadowMap has been deprecated. Using PCFShadowMap instead. (file://C:/Users/amrit/mini projects/PlotKAre-temp/PLotKAre-temp1/webpage/.next/dev/static/chunks/node_modules_next_dist_115brz8._.js:2431:13)
[browser] THREE.WebGLShadowMap: PCFSoftShadowMap has been deprecated. Using PCFShadowMap instead. (file://C:/Users/amrit/mini projects/PlotKAre-temp/PLotKAre-temp1/webpage/.next/dev/static/chunks/node_modules_next_dist_115brz8._.js:2431:13)
[browser] THREE.WebGLShadowMap: PCFSoftShadowMap has been deprecated. Using PCFShadowMap instead. (file://C:/Users/amrit/mini projects/PlotKAre-temp/PLotKAre-temp1/webpage/.next/dev/static/chunks/node_modules_next_dist_115brz8._.js:2431:13)
[browser] THREE.WebGLShadowMap: PCFSoftShadowMap has been deprecated. Using PCFShadowMap instead. (file://C:/Users/amrit/mini projects/PlotKAre-temp/PLotKAre-temp1/webpage/.next/dev/static/chunks/node_modules_next_dist_115brz8._.js:2431:13)
[browser] THREE.WebGLShadowMap: PCFSoftShadowMap has been deprecated. Using PCFShadowMap instead. (file://C:/Users/amrit/mini projects/PlotKAre-temp/PLotKAre-temp1/webpage/.next/dev/static/chunks/node_modules_next_dist_115brz8._.js:2431:13)
[browser] THREE.WebGLShadowMap: PCFSoftShadowMap has been deprecated. Using PCFShadowMap instead. (file://C:/Users/amrit/mini projects/PlotKAre-temp/PLotKAre-temp1/webpage/.next/dev/static/chunks/node_modules_next_dist_115brz8._.js:2431:13)
[browser] THREE.WebGLShadowMap: PCFSoftShadowMap has been deprecated. Using PCFShadowMap instead. (file://C:/Users/amrit/mini projects/PlotKAre-temp/PLotKAre-temp1/webpage/.next/dev/static/chunks/node_modules_next_dist_115brz8._.js:2431:13)
[browser] THREE.WebGLShadowMap: PCFSoftShadowMap has been deprecated. Using PCFShadowMap instead. (file://C:/Users/amrit/mini projects/PlotKAre-temp/PLotKAre-temp1/webpage/.next/dev/static/chunks/node_modules_next_dist_115brz8._.js:2431:13)
[browser] THREE.WebGLShadowMap: PCFSoftShadowMap has been deprecated. Using PCFShadowMap instead. (file://C:/Users/amrit/mini projects/PlotKAre-temp/PLotKAre-temp1/webpage/.next/dev/static/chunks/node_modules_next_dist_115brz8._.js:2431:13)
[browser] THREE.WebGLShadowMap: PCFSoftShadowMap has been deprecated. Using PCFShadowMap instead. (file://C:/Users/amrit/mini projects/PlotKAre-temp/PLotKAre-temp1/webpage/.next/dev/static/chunks/node_modules_next_dist_115brz8._.js:2431:13)
[browser] THREE.WebGLShadowMap: PCFSoftShadowMap has been deprecated. Using PCFShadowMap instead. (file://C:/Users/amrit/mini projects/PlotKAre-temp/PLotKAre-temp1/webpage/.next/dev/static/chunks/node_modules_next_dist_115brz8._.js:2431:13)
[browser] THREE.WebGLShadowMap: PCFSoftShadowMap has been deprecated. Using PCFShadowMap instead. (file://C:/Users/amrit/mini projects/PlotKAre-temp/PLotKAre-temp1/webpage/.next/dev/static/chunks/node_modules_next_dist_115brz8._.js:2431:13)
[browser] THREE.WebGLShadowMap: PCFSoftShadowMap has been deprecated. Using PCFShadowMap instead. (file://C:/Users/amrit/mini projects/PlotKAre-temp/PLotKAre-temp1/webpage/.next/dev/static/chunks/node_modules_next_dist_115brz8._.js:2431:13)
[browser] THREE.WebGLShadowMap: PCFSoftShadowMap has been deprecated. Using PCFShadowMap instead. (file://C:/Users/amrit/mini projects/PlotKAre-temp/PLotKAre-temp1/webpage/.next/dev/static/chunks/node_modules_next_dist_115brz8._.js:2431:13)
[browser] THREE.WebGLShadowMap: PCFSoftShadowMap has been deprecated. Using PCFShadowMap instead. (file://C:/Users/amrit/mini projects/PlotKAre-temp/PLotKAre-temp1/webpage/.next/dev/static/chunks/node_modules_next_dist_115brz8._.js:2431:13)
[browser] THREE.WebGLShadowMap: PCFSoftShadowMap has been deprecated. Using PCFShadowMap instead. (file://C:/Users/amrit/mini projects/PlotKAre-temp/PLotKAre-temp1/webpage/.next/dev/static/chunks/node_modules_next_dist_115brz8._.js:2431:13)
[browser] THREE.WebGLShadowMap: PCFSoftShadowMap has been deprecated. Using PCFShadowMap instead. (file://C:/Users/amrit/mini projects/PlotKAre-temp/PLotKAre-temp1/webpage/.next/dev/static/chunks/node_modules_next_dist_115brz8._.js:2431:13)
[browser] THREE.WebGLShadowMap: PCFSoftShadowMap has been deprecated. Using PCFShadowMap instead. (file://C:/Users/amrit/mini projects/PlotKAre-temp/PLotKAre-temp1/webpage/.next/dev/static/chunks/node_modules_next_dist_115brz8._.js:2431:13)
[browser] THREE.WebGLShadowMap: PCFSoftShadowMap has been deprecated. Using PCFShadowMap instead. (file://C:/Users/amrit/mini projects/PlotKAre-temp/PLotKAre-temp1/webpage/.next/dev/static/chunks/node_modules_next_dist_115brz8._.js:2431:13)
[browser] THREE.WebGLShadowMap: PCFSoftShadowMap has been deprecated. Using PCFShadowMap instead. (file://C:/Users/amrit/mini projects/PlotKAre-temp/PLotKAre-temp1/webpage/.next/dev/static/chunks/node_modules_next_dist_115brz8._.js:2431:13)
[browser] THREE.WebGLShadowMap: PCFSoftShadowMap has been deprecated. Using PCFShadowMap instead. (file://C:/Users/amrit/mini projects/PlotKAre-temp/PLotKAre-temp1/webpage/.next/dev/static/chunks/node_modules_next_dist_115brz8._.js:2431:13)
[browser] THREE.Clock: This module has been deprecated. Please use THREE.Timer instead. (file://C:/Users/amrit/mini projects/PlotKAre-temp/PLotKAre-temp1/webpage/.next/dev/static/chunks/node_modules_next_dist_115brz8._.js:2431:13)
[browser] THREE.WebGLShadowMap: PCFSoftShadowMap has been deprecated. Using PCFShadowMap instead. (file://C:/Users/amrit/mini projects/PlotKAre-temp/PLotKAre-temp1/webpage/.next/dev/static/chunks/node_modules_next_dist_115brz8._.js:2431:13)
[browser] THREE.WebGLShadowMap: PCFSoftShadowMap has been deprecated. Using PCFShadowMap instead. (file://C:/Users/amrit/mini projects/PlotKAre-temp/PLotKAre-temp1/webpage/.next/dev/static/chunks/node_modules_next_dist_115brz8._.js:2431:13)
[browser] THREE.WebGLShadowMap: PCFSoftShadowMap has been deprecated. Using PCFShadowMap instead. (file://C:/Users/amrit/mini projects/PlotKAre-temp/PLotKAre-temp1/webpage/.next/dev/static/chunks/node_modules_next_dist_115brz8._.js:2431:13)
[browser] THREE.WebGLShadowMap: PCFSoftShadowMap has been deprecated. Using PCFShadowMap instead. (file://C:/Users/amrit/mini projects/PlotKAre-temp/PLotKAre-temp1/webpage/.next/dev/static/chunks/node_modules_next_dist_115brz8._.js:2431:13)
[browser] THREE.Clock: This module has been deprecated. Please use THREE.Timer instead. (file://C:/Users/amrit/mini projects/PlotKAre-temp/PLotKAre-temp1/webpage/.next/dev/static/chunks/node_modules_next_dist_115brz8._.js:2431:13)
[browser] THREE.WebGLShadowMap: PCFSoftShadowMap has been deprecated. Using PCFShadowMap instead. (file://C:/Users/amrit/mini projects/PlotKAre-temp/PLotKAre-temp1/webpage/.next/dev/static/chunks/node_modules_next_dist_115brz8._.js:2431:13)
[browser] THREE.WebGLShadowMap: PCFSoftShadowMap has been deprecated. Using PCFShadowMap instead. (file://C:/Users/amrit/mini projects/PlotKAre-temp/PLotKAre-temp1/webpage/.next/dev/static/chunks/node_modules_next_dist_115brz8._.js:2431:13)
[browser] THREE.Clock: This module has been deprecated. Please use THREE.Timer instead. (file://C:/Users/amrit/mini projects/PlotKAre-temp/PLotKAre-temp1/webpage/.next/dev/static/chunks/node_modules_next_dist_115brz8._.js:2431:13)
[browser] THREE.WebGLShadowMap: PCFSoftShadowMap has been deprecated. Using PCFShadowMap instead. (file://C:/Users/amrit/mini projects/PlotKAre-temp/PLotKAre-temp1/webpage/.next/dev/static/chunks/node_modules_next_dist_115brz8._.js:2431:13)
[browser] THREE.WebGLShadowMap: PCFSoftShadowMap has been deprecated. Using PCFShadowMap instead. (file://C:/Users/amrit/mini projects/PlotKAre-temp/PLotKAre-temp1/webpage/.next/dev/static/chunks/node_modules_next_dist_115brz8._.js:2431:13)
[browser] THREE.Clock: This module has been deprecated. Please use THREE.Timer instead. (file://C:/Users/amrit/mini projects/PlotKAre-temp/PLotKAre-temp1/webpage/.next/dev/static/chunks/node_modules_next_dist_115brz8._.js:2431:13)
[browser] THREE.WebGLShadowMap: PCFSoftShadowMap has been deprecated. Using PCFShadowMap instead. (file://C:/Users/amrit/mini projects/PlotKAre-temp/PLotKAre-temp1/webpage/.next/dev/static/chunks/node_modules_next_dist_115brz8._.js:2431:13)
[browser] THREE.WebGLShadowMap: PCFSoftShadowMap has been deprecated. Using PCFShadowMap instead. (file://C:/Users/amrit/mini projects/PlotKAre-temp/PLotKAre-temp1/webpage/.next/dev/static/chunks/node_modules_next_dist_115brz8._.js:2431:13)
[browser] A tree hydrated but some attributes of the server rendered HTML didn't match the client properties. This won't be patched up. This can happen if a SSR-ed Client Component used:

- A server/client branch `if (typeof window !== 'undefined')`.
- Variable input such as `Date.now()` or `Math.random()` which changes each time it's called.
- Date formatting in a user's locale which doesn't match the server.
- External changing data without sending a snapshot of it along with the HTML.
- Invalid HTML tag nesting.

It can also happen if the client has a browser extension installed which messes with the HTML before React loaded.

https://react.dev/link/hydration-mismatch

  ...
    <RedirectErrorBoundary router={{...}}>
      <InnerLayoutRouter url="/" tree={[...]} params={{}} cacheNode={{rsc:{...}, ...}} segmentPath={[...]} ...>
        <SegmentViewNode type="page" pagePath="page.tsx">
          <SegmentTrieNode>
          <HomePage>
            <main>
              <Navigation>
              <HeroSection>
              <TrustStrip>
              <ProblemSection>
              <ServicesSection>
              <PlotVisualizationSection>
              <HowItWorksSection>
              <LandUtilisationSection>
              <StatisticsSection>
              <AvailablePlotsShowcaseSection>
              <PricingSection>
              <MonitoringInsightsSection>
              <AwardsSection>
              <NewsroomSection>
              <ContactSection>
                <section id="contact" className="bg-seconda...">
                  <div className="mx-auto ma...">
                    <motion.div>
                    <motion.div initial={{opacity:0,y:16}} whileInView={{opacity:1,y:0}} viewport={{once:true}} ...>
                      <div className="mt-10 grid..." style={{opacity:0, ...}} ref={function useMotionRef.useCallback}>
                        <div>
                        <div>
                          <form onSubmit={function handleSubmit} className="space-y-5">
                            <div>
                            <div>
                              <label>
                              <input
                                type="email"
                                id="contact-email"
                                name="email"
                                required={true}
                                autoComplete="email"
                                className="w-full rounded-md border border-input bg-background px-3 py-2.5 font-sans t..."
                                placeholder="you@example.com"
-                               style={{background-image:"url(\"data...",background-repeat:"no-repeat",background-size:"20px", ...}}
-                               data-temp-mail-org="0"
                              >
                            ...
              ...
        ...
      ...
 
    at <unknown> (file://C:/Users/amrit/mini projects/PlotKAre-temp/PLotKAre-temp1/webpage/.next/dev/static/chunks/node_modules_next_dist_compiled_react-dom_058-ah~._.js:3439:25)
    at runWithFiberInDEV (file://C:/Users/amrit/mini projects/PlotKAre-temp/PLotKAre-temp1/webpage/.next/dev/static/chunks/node_modules_next_dist_compiled_react-dom_058-ah~._.js:965:74)
    at emitPendingHydrationWarnings (file://C:/Users/amrit/mini projects/PlotKAre-temp/PLotKAre-temp1/webpage/.next/dev/static/chunks/node_modules_next_dist_compiled_react-dom_058-ah~._.js:3438:13)
    at completeWork (file://C:/Users/amrit/mini projects/PlotKAre-temp/PLotKAre-temp1/webpage/.next/dev/static/chunks/node_modules_next_dist_compiled_react-dom_058-ah~._.js:6885:102)
    at runWithFiberInDEV (file://C:/Users/amrit/mini projects/PlotKAre-temp/PLotKAre-temp1/webpage/.next/dev/static/chunks/node_modules_next_dist_compiled_react-dom_058-ah~._.js:965:131)
    at completeUnitOfWork (file://C:/Users/amrit/mini projects/PlotKAre-temp/PLotKAre-temp1/webpage/.next/dev/static/chunks/node_modules_next_dist_compiled_react-dom_058-ah~._.js:9622:23)
    at performUnitOfWork (file://C:/Users/amrit/mini projects/PlotKAre-temp/PLotKAre-temp1/webpage/.next/dev/static/chunks/node_modules_next_dist_compiled_react-dom_058-ah~._.js:9557:28)
    at workLoopConcurrentByScheduler (file://C:/Users/amrit/mini projects/PlotKAre-temp/PLotKAre-temp1/webpage/.next/dev/static/chunks/node_modules_next_dist_compiled_react-dom_058-ah~._.js:9551:58)
    at renderRootConcurrent (file://C:/Users/amrit/mini projects/PlotKAre-temp/PLotKAre-temp1/webpage/.next/dev/static/chunks/node_modules_next_dist_compiled_react-dom_058-ah~._.js:9534:71)
    at performWorkOnRoot (file://C:/Users/amrit/mini projects/PlotKAre-temp/PLotKAre-temp1/webpage/.next/dev/static/chunks/node_modules_next_dist_compiled_react-dom_058-ah~._.js:9061:150)
    at performWorkOnRootViaSchedulerTask (file://C:/Users/amrit/mini projects/PlotKAre-temp/PLotKAre-temp1/webpage/.next/dev/static/chunks/node_modules_next_dist_compiled_react-dom_058-ah~._.js:10255:9)
    at MessagePort.performWorkUntilDeadline (file://C:/Users/amrit/mini projects/PlotKAre-temp/PLotKAre-temp1/webpage/.next/dev/static/chunks/node_modules_next_dist_compiled_0rpq4pf._.js:2647:64) (file://C:/Users/amrit/mini projects/PlotKAre-temp/PLotKAre-temp1/webpage/.next/dev/static/chunks/node_modules_next_dist_compiled_react-dom_058-ah~._.js:3439:25)
[browser] THREE.Clock: This module has been deprecated. Please use THREE.Timer instead. (file://C:/Users/amrit/mini projects/PlotKAre-temp/PLotKAre-temp1/webpage/.next/dev/static/chunks/node_modules_next_dist_115brz8._.js:2431:13)
[browser] THREE.WebGLShadowMap: PCFSoftShadowMap has been deprecated. Using PCFShadowMap instead. (file://C:/Users/amrit/mini projects/PlotKAre-temp/PLotKAre-temp1/webpage/.next/dev/static/chunks/node_modules_next_dist_115brz8._.js:2431:13)
[browser] THREE.WebGLShadowMap: PCFSoftShadowMap has been deprecated. Using PCFShadowMap instead. (file://C:/Users/amrit/mini projects/PlotKAre-temp/PLotKAre-temp1/webpage/.next/dev/static/chunks/node_modules_next_dist_115brz8._.js:2431:13)
[browser] A tree hydrated but some attributes of the server rendered HTML didn't match the client properties. This won't be patched up. This can happen if a SSR-ed Client Component used:

- A server/client branch `if (typeof window !== 'undefined')`.
- Variable input such as `Date.now()` or `Math.random()` which changes each time it's called.
- Date formatting in a user's locale which doesn't match the server.
- External changing data without sending a snapshot of it along with the HTML.
- Invalid HTML tag nesting.

It can also happen if the client has a browser extension installed which messes with the HTML before React loaded.

https://react.dev/link/hydration-mismatch

  ...
    <RedirectErrorBoundary router={{...}}>
      <InnerLayoutRouter url="/" tree={[...]} params={{}} cacheNode={{rsc:{...}, ...}} segmentPath={[...]} ...>
        <SegmentViewNode type="page" pagePath="page.tsx">
          <SegmentTrieNode>
          <HomePage>
            <main>
              <Navigation>
              <HeroSection>
              <TrustStrip>
              <ProblemSection>
              <ServicesSection>
              <PlotVisualizationSection>
              <HowItWorksSection>
              <LandUtilisationSection>
              <StatisticsSection>
              <AvailablePlotsShowcaseSection>
              <PricingSection>
              <MonitoringInsightsSection>
              <AwardsSection>
              <NewsroomSection>
              <ContactSection>
                <section id="contact" className="bg-seconda...">
                  <div className="mx-auto ma...">
                    <motion.div>
                    <motion.div initial={{opacity:0,y:16}} whileInView={{opacity:1,y:0}} viewport={{once:true}} ...>
                      <div className="mt-10 grid..." style={{opacity:0, ...}} ref={function useMotionRef.useCallback}>
                        <div>
                        <div>
                          <form onSubmit={function handleSubmit} className="space-y-5">
                            <div>
                            <div>
                              <label>
                              <input
                                type="email"
                                id="contact-email"
                                name="email"
                                required={true}
                                autoComplete="email"
                                className="w-full rounded-md border border-input bg-background px-3 py-2.5 font-sans t..."
                                placeholder="you@example.com"
-                               style={{background-image:"url(\"data...",background-repeat:"no-repeat",background-size:"20px", ...}}
-                               data-temp-mail-org="0"
                              >
                            ...
              ...
        ...
      ...
 
    at <unknown> (file://C:/Users/amrit/mini projects/PlotKAre-temp/PLotKAre-temp1/webpage/.next/dev/static/chunks/node_modules_next_dist_compiled_react-dom_058-ah~._.js:3439:25)
    at runWithFiberInDEV (file://C:/Users/amrit/mini projects/PlotKAre-temp/PLotKAre-temp1/webpage/.next/dev/static/chunks/node_modules_next_dist_compiled_react-dom_058-ah~._.js:965:74)
    at emitPendingHydrationWarnings (file://C:/Users/amrit/mini projects/PlotKAre-temp/PLotKAre-temp1/webpage/.next/dev/static/chunks/node_modules_next_dist_compiled_react-dom_058-ah~._.js:3438:13)
    at completeWork (file://C:/Users/amrit/mini projects/PlotKAre-temp/PLotKAre-temp1/webpage/.next/dev/static/chunks/node_modules_next_dist_compiled_react-dom_058-ah~._.js:6885:102)
    at runWithFiberInDEV (file://C:/Users/amrit/mini projects/PlotKAre-temp/PLotKAre-temp1/webpage/.next/dev/static/chunks/node_modules_next_dist_compiled_react-dom_058-ah~._.js:965:131)
    at completeUnitOfWork (file://C:/Users/amrit/mini projects/PlotKAre-temp/PLotKAre-temp1/webpage/.next/dev/static/chunks/node_modules_next_dist_compiled_react-dom_058-ah~._.js:9622:23)
    at performUnitOfWork (file://C:/Users/amrit/mini projects/PlotKAre-temp/PLotKAre-temp1/webpage/.next/dev/static/chunks/node_modules_next_dist_compiled_react-dom_058-ah~._.js:9557:28)
    at workLoopConcurrentByScheduler (file://C:/Users/amrit/mini projects/PlotKAre-temp/PLotKAre-temp1/webpage/.next/dev/static/chunks/node_modules_next_dist_compiled_react-dom_058-ah~._.js:9551:58)
    at renderRootConcurrent (file://C:/Users/amrit/mini projects/PlotKAre-temp/PLotKAre-temp1/webpage/.next/dev/static/chunks/node_modules_next_dist_compiled_react-dom_058-ah~._.js:9534:71)
    at performWorkOnRoot (file://C:/Users/amrit/mini projects/PlotKAre-temp/PLotKAre-temp1/webpage/.next/dev/static/chunks/node_modules_next_dist_compiled_react-dom_058-ah~._.js:9061:150)
    at performWorkOnRootViaSchedulerTask (file://C:/Users/amrit/mini projects/PlotKAre-temp/PLotKAre-temp1/webpage/.next/dev/static/chunks/node_modules_next_dist_compiled_react-dom_058-ah~._.js:10255:9)
    at MessagePort.performWorkUntilDeadline (file://C:/Users/amrit/mini projects/PlotKAre-temp/PLotKAre-temp1/webpage/.next/dev/static/chunks/node_modules_next_dist_compiled_0rpq4pf._.js:2647:64) (file://C:/Users/amrit/mini projects/PlotKAre-temp/PLotKAre-temp1/webpage/.next/dev/static/chunks/node_modules_next_dist_compiled_react-dom_058-ah~._.js:3439:25)
[browser] THREE.Clock: This module has been deprecated. Please use THREE.Timer instead. (file://C:/Users/amrit/mini projects/PlotKAre-temp/PLotKAre-temp1/webpage/.next/dev/static/chunks/node_modules_next_dist_115brz8._.js:2431:13)
[browser] THREE.WebGLShadowMap: PCFSoftShadowMap has been deprecated. Using PCFShadowMap instead. (file://C:/Users/amrit/mini projects/PlotKAre-temp/PLotKAre-temp1/webpage/.next/dev/static/chunks/node_modules_next_dist_115brz8._.js:2431:13)
[browser] A tree hydrated but some attributes of the server rendered HTML didn't match the client properties. This won't be patched up. This can happen if a SSR-ed Client Component used:

- A server/client branch `if (typeof window !== 'undefined')`.
- Variable input such as `Date.now()` or `Math.random()` which changes each time it's called.
- Date formatting in a user's locale which doesn't match the server.
- External changing data without sending a snapshot of it along with the HTML.
- Invalid HTML tag nesting.

It can also happen if the client has a browser extension installed which messes with the HTML before React loaded.

https://react.dev/link/hydration-mismatch

  ...
    <RedirectErrorBoundary router={{...}}>
      <InnerLayoutRouter url="/" tree={[...]} params={{}} cacheNode={{rsc:{...}, ...}} segmentPath={[...]} ...>
        <SegmentViewNode type="page" pagePath="page.tsx">
          <SegmentTrieNode>
          <HomePage>
            <main>
              <Navigation>
              <HeroSection>
              <TrustStrip>
              <ProblemSection>
              <ServicesSection>
              <PlotVisualizationSection>
              <HowItWorksSection>
              <LandUtilisationSection>
              <StatisticsSection>
              <AvailablePlotsShowcaseSection>
              <PricingSection>
              <MonitoringInsightsSection>
              <AwardsSection>
              <NewsroomSection>
              <ContactSection>
                <section id="contact" className="bg-seconda...">
                  <div className="mx-auto ma...">
                    <motion.div>
                    <motion.div initial={{opacity:0,y:16}} whileInView={{opacity:1,y:0}} viewport={{once:true}} ...>
                      <div className="mt-10 grid..." style={{opacity:0, ...}} ref={function useMotionRef.useCallback}>
                        <div>
                        <div>
                          <form onSubmit={function handleSubmit} className="space-y-5">
                            <div>
                            <div>
                              <label>
                              <input
                                type="email"
                                id="contact-email"
                                name="email"
                                required={true}
                                autoComplete="email"
                                className="w-full rounded-md border border-input bg-background px-3 py-2.5 font-sans t..."
                                placeholder="you@example.com"
-                               style={{background-image:"url(\"data...",background-repeat:"no-repeat",background-size:"20px", ...}}
-                               data-temp-mail-org="0"
                              >
                            ...
              ...
        ...
      ...
 
    at <unknown> (file://C:/Users/amrit/mini projects/PlotKAre-temp/PLotKAre-temp1/webpage/.next/dev/static/chunks/node_modules_next_dist_compiled_react-dom_058-ah~._.js:3439:25)
    at runWithFiberInDEV (file://C:/Users/amrit/mini projects/PlotKAre-temp/PLotKAre-temp1/webpage/.next/dev/static/chunks/node_modules_next_dist_compiled_react-dom_058-ah~._.js:965:74)
    at emitPendingHydrationWarnings (file://C:/Users/amrit/mini projects/PlotKAre-temp/PLotKAre-temp1/webpage/.next/dev/static/chunks/node_modules_next_dist_compiled_react-dom_058-ah~._.js:3438:13)
    at completeWork (file://C:/Users/amrit/mini projects/PlotKAre-temp/PLotKAre-temp1/webpage/.next/dev/static/chunks/node_modules_next_dist_compiled_react-dom_058-ah~._.js:6885:102)
    at runWithFiberInDEV (file://C:/Users/amrit/mini projects/PlotKAre-temp/PLotKAre-temp1/webpage/.next/dev/static/chunks/node_modules_next_dist_compiled_react-dom_058-ah~._.js:965:131)
    at completeUnitOfWork (file://C:/Users/amrit/mini projects/PlotKAre-temp/PLotKAre-temp1/webpage/.next/dev/static/chunks/node_modules_next_dist_compiled_react-dom_058-ah~._.js:9622:23)
    at performUnitOfWork (file://C:/Users/amrit/mini projects/PlotKAre-temp/PLotKAre-temp1/webpage/.next/dev/static/chunks/node_modules_next_dist_compiled_react-dom_058-ah~._.js:9557:28)
    at workLoopConcurrentByScheduler (file://C:/Users/amrit/mini projects/PlotKAre-temp/PLotKAre-temp1/webpage/.next/dev/static/chunks/node_modules_next_dist_compiled_react-dom_058-ah~._.js:9551:58)
    at renderRootConcurrent (file://C:/Users/amrit/mini projects/PlotKAre-temp/PLotKAre-temp1/webpage/.next/dev/static/chunks/node_modules_next_dist_compiled_react-dom_058-ah~._.js:9534:71)
    at performWorkOnRoot (file://C:/Users/amrit/mini projects/PlotKAre-temp/PLotKAre-temp1/webpage/.next/dev/static/chunks/node_modules_next_dist_compiled_react-dom_058-ah~._.js:9061:150)
    at performWorkOnRootViaSchedulerTask (file://C:/Users/amrit/mini projects/PlotKAre-temp/PLotKAre-temp1/webpage/.next/dev/static/chunks/node_modules_next_dist_compiled_react-dom_058-ah~._.js:10255:9)
    at MessagePort.performWorkUntilDeadline (file://C:/Users/amrit/mini projects/PlotKAre-temp/PLotKAre-temp1/webpage/.next/dev/static/chunks/node_modules_next_dist_compiled_0rpq4pf._.js:2647:64) (file://C:/Users/amrit/mini projects/PlotKAre-temp/PLotKAre-temp1/webpage/.next/dev/static/chunks/node_modules_next_dist_compiled_react-dom_058-ah~._.js:3439:25)
[browser] THREE.Clock: This module has been deprecated. Please use THREE.Timer instead. (file://C:/Users/amrit/mini projects/PlotKAre-temp/PLotKAre-temp1/webpage/.next/dev/static/chunks/node_modules_next_dist_115brz8._.js:2431:13)
[browser] THREE.WebGLShadowMap: PCFSoftShadowMap has been deprecated. Using PCFShadowMap instead. (file://C:/Users/amrit/mini projects/PlotKAre-temp/PLotKAre-temp1/webpage/.next/dev/static/chunks/node_modules_next_dist_115brz8._.js:2431:13)
[browser] THREE.WebGLShadowMap: PCFSoftShadowMap has been deprecated. Using PCFShadowMap instead. (file://C:/Users/amrit/mini projects/PlotKAre-temp/PLotKAre-temp1/webpage/.next/dev/static/chunks/node_modules_next_dist_115brz8._.js:2431:13)
[browser] THREE.WebGLShadowMap: PCFSoftShadowMap has been deprecated. Using PCFShadowMap instead. (file://C:/Users/amrit/mini projects/PlotKAre-temp/PLotKAre-temp1/webpage/.next/dev/static/chunks/node_modules_next_dist_115brz8._.js:2431:13)
[browser] A tree hydrated but some attributes of the server rendered HTML didn't match the client properties. This won't be patched up. This can happen if a SSR-ed Client Component used:

- A server/client branch `if (typeof window !== 'undefined')`.
- Variable input such as `Date.now()` or `Math.random()` which changes each time it's called.
- Date formatting in a user's locale which doesn't match the server.
- External changing data without sending a snapshot of it along with the HTML.
- Invalid HTML tag nesting.

It can also happen if the client has a browser extension installed which messes with the HTML before React loaded.

https://react.dev/link/hydration-mismatch

  ...
    <RedirectErrorBoundary router={{...}}>
      <InnerLayoutRouter url="/" tree={[...]} params={{}} cacheNode={{rsc:{...}, ...}} segmentPath={[...]} ...>
        <SegmentViewNode type="page" pagePath="page.tsx">
          <SegmentTrieNode>
          <HomePage>
            <main>
              <Navigation>
              <HeroSection>
              <TrustStrip>
              <ProblemSection>
              <ServicesSection>
              <PlotVisualizationSection>
              <HowItWorksSection>
              <LandUtilisationSection>
              <StatisticsSection>
              <AvailablePlotsShowcaseSection>
              <PricingSection>
              <MonitoringInsightsSection>
              <AwardsSection>
              <NewsroomSection>
              <ContactSection>
                <section id="contact" className="bg-seconda...">
                  <div className="mx-auto ma...">
                    <motion.div>
                    <motion.div initial={{opacity:0,y:16}} whileInView={{opacity:1,y:0}} viewport={{once:true}} ...>
                      <div className="mt-10 grid..." style={{opacity:0, ...}} ref={function useMotionRef.useCallback}>
                        <div>
                        <div>
                          <form onSubmit={function handleSubmit} className="space-y-5">
                            <div>
                            <div>
                              <label>
                              <input
                                type="email"
                                id="contact-email"
                                name="email"
                                required={true}
                                autoComplete="email"
                                className="w-full rounded-md border border-input bg-background px-3 py-2.5 font-sans t..."
                                placeholder="you@example.com"
-                               style={{background-image:"url(\"data...",background-repeat:"no-repeat",background-size:"20px", ...}}
-                               data-temp-mail-org="0"
                              >
                            ...
              ...
        ...
      ...
 
    at <unknown> (file://C:/Users/amrit/mini projects/PlotKAre-temp/PLotKAre-temp1/webpage/.next/dev/static/chunks/node_modules_next_dist_compiled_react-dom_058-ah~._.js:3439:25)
    at runWithFiberInDEV (file://C:/Users/amrit/mini projects/PlotKAre-temp/PLotKAre-temp1/webpage/.next/dev/static/chunks/node_modules_next_dist_compiled_react-dom_058-ah~._.js:965:74)
    at emitPendingHydrationWarnings (file://C:/Users/amrit/mini projects/PlotKAre-temp/PLotKAre-temp1/webpage/.next/dev/static/chunks/node_modules_next_dist_compiled_react-dom_058-ah~._.js:3438:13)
    at completeWork (file://C:/Users/amrit/mini projects/PlotKAre-temp/PLotKAre-temp1/webpage/.next/dev/static/chunks/node_modules_next_dist_compiled_react-dom_058-ah~._.js:6885:102)
    at runWithFiberInDEV (file://C:/Users/amrit/mini projects/PlotKAre-temp/PLotKAre-temp1/webpage/.next/dev/static/chunks/node_modules_next_dist_compiled_react-dom_058-ah~._.js:965:131)
    at completeUnitOfWork (file://C:/Users/amrit/mini projects/PlotKAre-temp/PLotKAre-temp1/webpage/.next/dev/static/chunks/node_modules_next_dist_compiled_react-dom_058-ah~._.js:9622:23)
    at performUnitOfWork (file://C:/Users/amrit/mini projects/PlotKAre-temp/PLotKAre-temp1/webpage/.next/dev/static/chunks/node_modules_next_dist_compiled_react-dom_058-ah~._.js:9557:28)
    at workLoopConcurrentByScheduler (file://C:/Users/amrit/mini projects/PlotKAre-temp/PLotKAre-temp1/webpage/.next/dev/static/chunks/node_modules_next_dist_compiled_react-dom_058-ah~._.js:9551:58)
    at renderRootConcurrent (file://C:/Users/amrit/mini projects/PlotKAre-temp/PLotKAre-temp1/webpage/.next/dev/static/chunks/node_modules_next_dist_compiled_react-dom_058-ah~._.js:9534:71)
    at performWorkOnRoot (file://C:/Users/amrit/mini projects/PlotKAre-temp/PLotKAre-temp1/webpage/.next/dev/static/chunks/node_modules_next_dist_compiled_react-dom_058-ah~._.js:9061:150)
    at performWorkOnRootViaSchedulerTask (file://C:/Users/amrit/mini projects/PlotKAre-temp/PLotKAre-temp1/webpage/.next/dev/static/chunks/node_modules_next_dist_compiled_react-dom_058-ah~._.js:10255:9)
    at MessagePort.performWorkUntilDeadline (file://C:/Users/amrit/mini projects/PlotKAre-temp/PLotKAre-temp1/webpage/.next/dev/static/chunks/node_modules_next_dist_compiled_0rpq4pf._.js:2647:64) (file://C:/Users/amrit/mini projects/PlotKAre-temp/PLotKAre-temp1/webpage/.next/dev/static/chunks/node_modules_next_dist_compiled_react-dom_058-ah~._.js:3439:25)
[browser] THREE.Clock: This module has been deprecated. Please use THREE.Timer instead. (file://C:/Users/amrit/mini projects/PlotKAre-temp/PLotKAre-temp1/webpage/.next/dev/static/chunks/node_modules_next_dist_115brz8._.js:2431:13)
[browser] THREE.WebGLShadowMap: PCFSoftShadowMap has been deprecated. Using PCFShadowMap instead. (file://C:/Users/amrit/mini projects/PlotKAre-temp/PLotKAre-temp1/webpage/.next/dev/static/chunks/node_modules_next_dist_115brz8._.js:2431:13)
[browser] THREE.WebGLShadowMap: PCFSoftShadowMap has been deprecated. Using PCFShadowMap instead. (file://C:/Users/amrit/mini projects/PlotKAre-temp/PLotKAre-temp1/webpage/.next/dev/static/chunks/node_modules_next_dist_115brz8._.js:2431:13)
[browser] Detected `scroll-behavior: smooth` on the `<html>` element. To disable smooth scrolling during route transitions, add `data-scroll-behavior="smooth"` to your <html> element. Learn more: https://nextjs.org/docs/messages/missing-data-scroll-behavior (file://C:/Users/amrit/mini projects/PlotKAre-temp/PLotKAre-temp1/webpage/.next/dev/static/chunks/node_modules_next_dist_115brz8._.js:2431:13)
[browser] THREE.Clock: This module has been deprecated. Please use THREE.Timer instead. (file://C:/Users/amrit/mini projects/PlotKAre-temp/PLotKAre-temp1/webpage/.next/dev/static/chunks/node_modules_next_dist_115brz8._.js:2431:13)
[browser] THREE.WebGLShadowMap: PCFSoftShadowMap has been deprecated. Using PCFShadowMap instead. (file://C:/Users/amrit/mini projects/PlotKAre-temp/PLotKAre-temp1/webpage/.next/dev/static/chunks/node_modules_next_dist_115brz8._.js:2431:13)
[browser] THREE.Clock: This module has been deprecated. Please use THREE.Timer instead. (file://C:/Users/amrit/mini projects/PlotKAre-temp/PLotKAre-temp1/webpage/.next/dev/static/chunks/node_modules_next_dist_115brz8._.js:2431:13)
[browser] THREE.WebGLShadowMap: PCFSoftShadowMap has been deprecated. Using PCFShadowMap instead. (file://C:/Users/amrit/mini projects/PlotKAre-temp/PLotKAre-temp1/webpage/.next/dev/static/chunks/node_modules_next_dist_115brz8._.js:2431:13)
[browser] THREE.WebGLShadowMap: PCFSoftShadowMap has been deprecated. Using PCFShadowMap instead. (file://C:/Users/amrit/mini projects/PlotKAre-temp/PLotKAre-temp1/webpage/.next/dev/static/chunks/node_modules_next_dist_115brz8._.js:2431:13)
[browser] THREE.WebGLShadowMap: PCFSoftShadowMap has been deprecated. Using PCFShadowMap instead. (file://C:/Users/amrit/mini projects/PlotKAre-temp/PLotKAre-temp1/webpage/.next/dev/static/chunks/node_modules_next_dist_115brz8._.js:2431:13)
[browser] THREE.WebGLShadowMap: PCFSoftShadowMap has been deprecated. Using PCFShadowMap instead. (file://C:/Users/amrit/mini projects/PlotKAre-temp/PLotKAre-temp1/webpage/.next/dev/static/chunks/node_modules_next_dist_115brz8._.js:2431:13)
[browser] THREE.WebGLShadowMap: PCFSoftShadowMap has been deprecated. Using PCFShadowMap instead. (file://C:/Users/amrit/mini projects/PlotKAre-temp/PLotKAre-temp1/webpage/.next/dev/static/chunks/node_modules_next_dist_115brz8._.js:2431:13)
[browser] THREE.WebGLShadowMap: PCFSoftShadowMap has been deprecated. Using PCFShadowMap instead. (file://C:/Users/amrit/mini projects/PlotKAre-temp/PLotKAre-temp1/webpage/.next/dev/static/chunks/node_modules_next_dist_115brz8._.js:2431:13)
[browser] THREE.WebGLShadowMap: PCFSoftShadowMap has been deprecated. Using PCFShadowMap instead. (file://C:/Users/amrit/mini projects/PlotKAre-temp/PLotKAre-temp1/webpage/.next/dev/static/chunks/node_modules_next_dist_115brz8._.js:2431:13)
[browser] THREE.WebGLShadowMap: PCFSoftShadowMap has been deprecated. Using PCFShadowMap instead. (file://C:/Users/amrit/mini projects/PlotKAre-temp/PLotKAre-temp1/webpage/.next/dev/static/chunks/node_modules_next_dist_115brz8._.js:2431:13)
[browser] THREE.WebGLShadowMap: PCFSoftShadowMap has been deprecated. Using PCFShadowMap instead. (file://C:/Users/amrit/mini projects/PlotKAre-temp/PLotKAre-temp1/webpage/.next/dev/static/chunks/node_modules_next_dist_115brz8._.js:2431:13)
[browser] THREE.WebGLShadowMap: PCFSoftShadowMap has been deprecated. Using PCFShadowMap instead. (file://C:/Users/amrit/mini projects/PlotKAre-temp/PLotKAre-temp1/webpage/.next/dev/static/chunks/node_modules_next_dist_115brz8._.js:2431:13)
[browser] THREE.WebGLShadowMap: PCFSoftShadowMap has been deprecated. Using PCFShadowMap instead. (file://C:/Users/amrit/mini projects/PlotKAre-temp/PLotKAre-temp1/webpage/.next/dev/static/chunks/node_modules_next_dist_115brz8._.js:2431:13)
[browser] THREE.WebGLShadowMap: PCFSoftShadowMap has been deprecated. Using PCFShadowMap instead. (file://C:/Users/amrit/mini projects/PlotKAre-temp/PLotKAre-temp1/webpage/.next/dev/static/chunks/node_modules_next_dist_115brz8._.js:2431:13)
[browser] THREE.WebGLShadowMap: PCFSoftShadowMap has been deprecated. Using PCFShadowMap instead. (file://C:/Users/amrit/mini projects/PlotKAre-temp/PLotKAre-temp1/webpage/.next/dev/static/chunks/node_modules_next_dist_115brz8._.js:2431:13)
[browser] THREE.WebGLShadowMap: PCFSoftShadowMap has been deprecated. Using PCFShadowMap instead. (file://C:/Users/amrit/mini projects/PlotKAre-temp/PLotKAre-temp1/webpage/.next/dev/static/chunks/node_modules_next_dist_115brz8._.js:2431:13)
[browser] THREE.WebGLShadowMap: PCFSoftShadowMap has been deprecated. Using PCFShadowMap instead. (file://C:/Users/amrit/mini projects/PlotKAre-temp/PLotKAre-temp1/webpage/.next/dev/static/chunks/node_modules_next_dist_115brz8._.js:2431:13)
[browser] THREE.WebGLShadowMap: PCFSoftShadowMap has been deprecated. Using PCFShadowMap instead. (file://C:/Users/amrit/mini projects/PlotKAre-temp/PLotKAre-temp1/webpage/.next/dev/static/chunks/node_modules_next_dist_115brz8._.js:2431:13)
[browser] THREE.WebGLShadowMap: PCFSoftShadowMap has been deprecated. Using PCFShadowMap instead. (file://C:/Users/amrit/mini projects/PlotKAre-temp/PLotKAre-temp1/webpage/.next/dev/static/chunks/node_modules_next_dist_115brz8._.js:2431:13)
[browser] THREE.WebGLShadowMap: PCFSoftShadowMap has been deprecated. Using PCFShadowMap instead. (file://C:/Users/amrit/mini projects/PlotKAre-temp/PLotKAre-temp1/webpage/.next/dev/static/chunks/node_modules_next_dist_115brz8._.js:2431:13)
[browser] THREE.WebGLShadowMap: PCFSoftShadowMap has been deprecated. Using PCFShadowMap instead. (file://C:/Users/amrit/mini projects/PlotKAre-temp/PLotKAre-temp1/webpage/.next/dev/static/chunks/node_modules_next_dist_115brz8._.js:2431:13)
[browser] THREE.WebGLShadowMap: PCFSoftShadowMap has been deprecated. Using PCFShadowMap instead. (file://C:/Users/amrit/mini projects/PlotKAre-temp/PLotKAre-temp1/webpage/.next/dev/static/chunks/node_modules_next_dist_115brz8._.js:2431:13)
[browser] THREE.WebGLShadowMap: PCFSoftShadowMap has been deprecated. Using PCFShadowMap instead. (file://C:/Users/amrit/mini projects/PlotKAre-temp/PLotKAre-temp1/webpage/.next/dev/static/chunks/node_modules_next_dist_115brz8._.js:2431:13)
[browser] THREE.WebGLShadowMap: PCFSoftShadowMap has been deprecated. Using PCFShadowMap instead. (file://C:/Users/amrit/mini projects/PlotKAre-temp/PLotKAre-temp1/webpage/.next/dev/static/chunks/node_modules_next_dist_115brz8._.js:2431:13)
[browser] THREE.WebGLShadowMap: PCFSoftShadowMap has been deprecated. Using PCFShadowMap instead. (file://C:/Users/amrit/mini projects/PlotKAre-temp/PLotKAre-temp1/webpage/.next/dev/static/chunks/node_modules_next_dist_115brz8._.js:2431:13)
[browser] THREE.WebGLShadowMap: PCFSoftShadowMap has been deprecated. Using PCFShadowMap instead. (file://C:/Users/amrit/mini projects/PlotKAre-temp/PLotKAre-temp1/webpage/.next/dev/static/chunks/node_modules_next_dist_115brz8._.js:2431:13)
[browser] THREE.WebGLShadowMap: PCFSoftShadowMap has been deprecated. Using PCFShadowMap instead. (file://C:/Users/amrit/mini projects/PlotKAre-temp/PLotKAre-temp1/webpage/.next/dev/static/chunks/node_modules_next_dist_115brz8._.js:2431:13)
[browser] THREE.WebGLShadowMap: PCFSoftShadowMap has been deprecated. Using PCFShadowMap instead. (file://C:/Users/amrit/mini projects/PlotKAre-temp/PLotKAre-temp1/webpage/.next/dev/static/chunks/node_modules_next_dist_115brz8._.js:2431:13)
[browser] THREE.WebGLShadowMap: PCFSoftShadowMap has been deprecated. Using PCFShadowMap instead. (file://C:/Users/amrit/mini projects/PlotKAre-temp/PLotKAre-temp1/webpage/.next/dev/static/chunks/node_modules_next_dist_115brz8._.js:2431:13)
[browser] THREE.WebGLShadowMap: PCFSoftShadowMap has been deprecated. Using PCFShadowMap instead. (file://C:/Users/amrit/mini projects/PlotKAre-temp/PLotKAre-temp1/webpage/.next/dev/static/chunks/node_modules_next_dist_115brz8._.js:2431:13)
[browser] A tree hydrated but some attributes of the server rendered HTML didn't match the client properties. This won't be patched up. This can happen if a SSR-ed Client Component used:

- A server/client branch `if (typeof window !== 'undefined')`.
- Variable input such as `Date.now()` or `Math.random()` which changes each time it's called.
- Date formatting in a user's locale which doesn't match the server.
- External changing data without sending a snapshot of it along with the HTML.
- Invalid HTML tag nesting.

It can also happen if the client has a browser extension installed which messes with the HTML before React loaded.

https://react.dev/link/hydration-mismatch

  ...
    <RedirectErrorBoundary router={{...}}>
      <InnerLayoutRouter url="/#contact" tree={[...]} params={{}} cacheNode={{rsc:{...}, ...}} segmentPath={[...]} ...>
        <SegmentViewNode type="page" pagePath="page.tsx">
          <SegmentTrieNode>
          <HomePage>
            <main>
              <Navigation>
              <HeroSection>
              <TrustStrip>
              <ProblemSection>
              <ServicesSection>
              <PlotVisualizationSection>
              <HowItWorksSection>
              <LandUtilisationSection>
              <StatisticsSection>
              <AvailablePlotsShowcaseSection>
              <PricingSection>
              <MonitoringInsightsSection>
              <AwardsSection>
              <NewsroomSection>
              <ContactSection>
                <section id="contact" className="bg-seconda...">
                  <div className="mx-auto ma...">
                    <motion.div>
                    <motion.div initial={{opacity:0,y:16}} whileInView={{opacity:1,y:0}} viewport={{once:true}} ...>
                      <div className="mt-10 grid..." style={{opacity:0, ...}} ref={function useMotionRef.useCallback}>
                        <div>
                        <div>
                          <form onSubmit={function handleSubmit} className="space-y-5">
                            <div>
                            <div>
                              <label>
                              <input
                                type="email"
                                id="contact-email"
                                name="email"
                                required={true}
                                autoComplete="email"
                                className="w-full rounded-md border border-input bg-background px-3 py-2.5 font-sans t..."
                                placeholder="you@example.com"
-                               style={{background-image:"url(\"data...",background-repeat:"no-repeat",background-size:"20px", ...}}
-                               data-temp-mail-org="0"
                              >
                            ...
              ...
        ...
      ...
 
    at <unknown> (file://C:/Users/amrit/mini projects/PlotKAre-temp/PLotKAre-temp1/webpage/.next/dev/static/chunks/node_modules_next_dist_compiled_react-dom_058-ah~._.js:3439:25)
    at runWithFiberInDEV (file://C:/Users/amrit/mini projects/PlotKAre-temp/PLotKAre-temp1/webpage/.next/dev/static/chunks/node_modules_next_dist_compiled_react-dom_058-ah~._.js:965:74)
    at emitPendingHydrationWarnings (file://C:/Users/amrit/mini projects/PlotKAre-temp/PLotKAre-temp1/webpage/.next/dev/static/chunks/node_modules_next_dist_compiled_react-dom_058-ah~._.js:3438:13)
    at completeWork (file://C:/Users/amrit/mini projects/PlotKAre-temp/PLotKAre-temp1/webpage/.next/dev/static/chunks/node_modules_next_dist_compiled_react-dom_058-ah~._.js:6885:102)
    at runWithFiberInDEV (file://C:/Users/amrit/mini projects/PlotKAre-temp/PLotKAre-temp1/webpage/.next/dev/static/chunks/node_modules_next_dist_compiled_react-dom_058-ah~._.js:965:131)
    at completeUnitOfWork (file://C:/Users/amrit/mini projects/PlotKAre-temp/PLotKAre-temp1/webpage/.next/dev/static/chunks/node_modules_next_dist_compiled_react-dom_058-ah~._.js:9622:23)
    at performUnitOfWork (file://C:/Users/amrit/mini projects/PlotKAre-temp/PLotKAre-temp1/webpage/.next/dev/static/chunks/node_modules_next_dist_compiled_react-dom_058-ah~._.js:9557:28)
    at workLoopConcurrentByScheduler (file://C:/Users/amrit/mini projects/PlotKAre-temp/PLotKAre-temp1/webpage/.next/dev/static/chunks/node_modules_next_dist_compiled_react-dom_058-ah~._.js:9551:58)
    at renderRootConcurrent (file://C:/Users/amrit/mini projects/PlotKAre-temp/PLotKAre-temp1/webpage/.next/dev/static/chunks/node_modules_next_dist_compiled_react-dom_058-ah~._.js:9534:71)
    at performWorkOnRoot (file://C:/Users/amrit/mini projects/PlotKAre-temp/PLotKAre-temp1/webpage/.next/dev/static/chunks/node_modules_next_dist_compiled_react-dom_058-ah~._.js:9061:150)
    at performWorkOnRootViaSchedulerTask (file://C:/Users/amrit/mini projects/PlotKAre-temp/PLotKAre-temp1/webpage/.next/dev/static/chunks/node_modules_next_dist_compiled_react-dom_058-ah~._.js:10255:9)
    at MessagePort.performWorkUntilDeadline (file://C:/Users/amrit/mini projects/PlotKAre-temp/PLotKAre-temp1/webpage/.next/dev/static/chunks/node_modules_next_dist_compiled_0rpq4pf._.js:2647:64) (file://C:/Users/amrit/mini projects/PlotKAre-temp/PLotKAre-temp1/webpage/.next/dev/static/chunks/node_modules_next_dist_compiled_react-dom_058-ah~._.js:3439:25)
[browser] THREE.Clock: This module has been deprecated. Please use THREE.Timer instead. (file://C:/Users/amrit/mini projects/PlotKAre-temp/PLotKAre-temp1/webpage/.next/dev/static/chunks/node_modules_next_dist_115brz8._.js:2431:13)
[browser] THREE.WebGLShadowMap: PCFSoftShadowMap has been deprecated. Using PCFShadowMap instead. (file://C:/Users/amrit/mini projects/PlotKAre-temp/PLotKAre-temp1/webpage/.next/dev/static/chunks/node_modules_next_dist_115brz8._.js:2431:13)
[browser] THREE.WebGLShadowMap: PCFSoftShadowMap has been deprecated. Using PCFShadowMap instead. (file://C:/Users/amrit/mini projects/PlotKAre-temp/PLotKAre-temp1/webpage/.next/dev/static/chunks/node_modules_next_dist_115brz8._.js:2431:13)
[browser] A tree hydrated but some attributes of the server rendered HTML didn't match the client properties. This won't be patched up. This can happen if a SSR-ed Client Component used:

- A server/client branch `if (typeof window !== 'undefined')`.
- Variable input such as `Date.now()` or `Math.random()` which changes each time it's called.
- Date formatting in a user's locale which doesn't match the server.
- External changing data without sending a snapshot of it along with the HTML.
- Invalid HTML tag nesting.

It can also happen if the client has a browser extension installed which messes with the HTML before React loaded.

https://react.dev/link/hydration-mismatch

  ...
    <RedirectErrorBoundary router={{...}}>
      <InnerLayoutRouter url="/#contact" tree={[...]} params={{}} cacheNode={{rsc:{...}, ...}} segmentPath={[...]} ...>
        <SegmentViewNode type="page" pagePath="page.tsx">
          <SegmentTrieNode>
          <HomePage>
            <main>
              <Navigation>
              <HeroSection>
              <TrustStrip>
              <ProblemSection>
              <ServicesSection>
              <PlotVisualizationSection>
              <HowItWorksSection>
              <LandUtilisationSection>
              <StatisticsSection>
              <AvailablePlotsShowcaseSection>
              <PricingSection>
              <MonitoringInsightsSection>
              <AwardsSection>
              <NewsroomSection>
              <ContactSection>
                <section id="contact" className="bg-seconda...">
                  <div className="mx-auto ma...">
                    <motion.div>
                    <motion.div initial={{opacity:0,y:16}} whileInView={{opacity:1,y:0}} viewport={{once:true}} ...>
                      <div className="mt-10 grid..." style={{opacity:0, ...}} ref={function useMotionRef.useCallback}>
                        <div>
                        <div>
                          <form onSubmit={function handleSubmit} className="space-y-5">
                            <div>
                            <div>
                              <label>
                              <input
                                type="email"
                                id="contact-email"
                                name="email"
                                required={true}
                                autoComplete="email"
                                className="w-full rounded-md border border-input bg-background px-3 py-2.5 font-sans t..."
                                placeholder="you@example.com"
-                               style={{background-image:"url(\"data...",background-repeat:"no-repeat",background-size:"20px", ...}}
-                               data-temp-mail-org="0"
                              >
                            ...
              ...
        ...
      ...
 
    at <unknown> (file://C:/Users/amrit/mini projects/PlotKAre-temp/PLotKAre-temp1/webpage/.next/dev/static/chunks/node_modules_next_dist_compiled_react-dom_058-ah~._.js:3439:25)
    at runWithFiberInDEV (file://C:/Users/amrit/mini projects/PlotKAre-temp/PLotKAre-temp1/webpage/.next/dev/static/chunks/node_modules_next_dist_compiled_react-dom_058-ah~._.js:965:74)
    at emitPendingHydrationWarnings (file://C:/Users/amrit/mini projects/PlotKAre-temp/PLotKAre-temp1/webpage/.next/dev/static/chunks/node_modules_next_dist_compiled_react-dom_058-ah~._.js:3438:13)
    at completeWork (file://C:/Users/amrit/mini projects/PlotKAre-temp/PLotKAre-temp1/webpage/.next/dev/static/chunks/node_modules_next_dist_compiled_react-dom_058-ah~._.js:6885:102)
    at runWithFiberInDEV (file://C:/Users/amrit/mini projects/PlotKAre-temp/PLotKAre-temp1/webpage/.next/dev/static/chunks/node_modules_next_dist_compiled_react-dom_058-ah~._.js:965:131)
    at completeUnitOfWork (file://C:/Users/amrit/mini projects/PlotKAre-temp/PLotKAre-temp1/webpage/.next/dev/static/chunks/node_modules_next_dist_compiled_react-dom_058-ah~._.js:9622:23)
    at performUnitOfWork (file://C:/Users/amrit/mini projects/PlotKAre-temp/PLotKAre-temp1/webpage/.next/dev/static/chunks/node_modules_next_dist_compiled_react-dom_058-ah~._.js:9557:28)
    at workLoopConcurrentByScheduler (file://C:/Users/amrit/mini projects/PlotKAre-temp/PLotKAre-temp1/webpage/.next/dev/static/chunks/node_modules_next_dist_compiled_react-dom_058-ah~._.js:9551:58)
    at renderRootConcurrent (file://C:/Users/amrit/mini projects/PlotKAre-temp/PLotKAre-temp1/webpage/.next/dev/static/chunks/node_modules_next_dist_compiled_react-dom_058-ah~._.js:9534:71)
    at performWorkOnRoot (file://C:/Users/amrit/mini projects/PlotKAre-temp/PLotKAre-temp1/webpage/.next/dev/static/chunks/node_modules_next_dist_compiled_react-dom_058-ah~._.js:9061:150)
    at performWorkOnRootViaSchedulerTask (file://C:/Users/amrit/mini projects/PlotKAre-temp/PLotKAre-temp1/webpage/.next/dev/static/chunks/node_modules_next_dist_compiled_react-dom_058-ah~._.js:10255:9)
    at MessagePort.performWorkUntilDeadline (file://C:/Users/amrit/mini projects/PlotKAre-temp/PLotKAre-temp1/webpage/.next/dev/static/chunks/node_modules_next_dist_compiled_0rpq4pf._.js:2647:64) (file://C:/Users/amrit/mini projects/PlotKAre-temp/PLotKAre-temp1/webpage/.next/dev/static/chunks/node_modules_next_dist_compiled_react-dom_058-ah~._.js:3439:25)
[browser] THREE.Clock: This module has been deprecated. Please use THREE.Timer instead. (file://C:/Users/amrit/mini projects/PlotKAre-temp/PLotKAre-temp1/webpage/.next/dev/static/chunks/node_modules_next_dist_115brz8._.js:2431:13)
[browser] THREE.WebGLShadowMap: PCFSoftShadowMap has been deprecated. Using PCFShadowMap instead. (file://C:/Users/amrit/mini projects/PlotKAre-temp/PLotKAre-temp1/webpage/.next/dev/static/chunks/node_modules_next_dist_115brz8._.js:2431:13)
[browser] THREE.WebGLShadowMap: PCFSoftShadowMap has been deprecated. Using PCFShadowMap instead. (file://C:/Users/amrit/mini projects/PlotKAre-temp/PLotKAre-temp1/webpage/.next/dev/static/chunks/node_modules_next_dist_115brz8._.js:2431:13)
[browser] A tree hydrated but some attributes of the server rendered HTML didn't match the client properties. This won't be patched up. This can happen if a SSR-ed Client Component used:

- A server/client branch `if (typeof window !== 'undefined')`.
- Variable input such as `Date.now()` or `Math.random()` which changes each time it's called.
- Date formatting in a user's locale which doesn't match the server.
- External changing data without sending a snapshot of it along with the HTML.
- Invalid HTML tag nesting.

It can also happen if the client has a browser extension installed which messes with the HTML before React loaded.

https://react.dev/link/hydration-mismatch

  ...
    <RedirectErrorBoundary router={{...}}>
      <InnerLayoutRouter url="/#contact" tree={[...]} params={{}} cacheNode={{rsc:{...}, ...}} segmentPath={[...]} ...>
        <SegmentViewNode type="page" pagePath="page.tsx">
          <SegmentTrieNode>
          <HomePage>
            <main>
              <Navigation>
              <HeroSection>
              <TrustStrip>
              <ProblemSection>
              <ServicesSection>
              <PlotVisualizationSection>
              <HowItWorksSection>
              <LandUtilisationSection>
              <StatisticsSection>
              <AvailablePlotsShowcaseSection>
              <PricingSection>
              <MonitoringInsightsSection>
              <AwardsSection>
              <NewsroomSection>
              <ContactSection>
                <section id="contact" className="bg-seconda...">
                  <div className="mx-auto ma...">
                    <motion.div>
                    <motion.div initial={{opacity:0,y:16}} whileInView={{opacity:1,y:0}} viewport={{once:true}} ...>
                      <div className="mt-10 grid..." style={{opacity:0, ...}} ref={function useMotionRef.useCallback}>
                        <div>
                        <div>
                          <form onSubmit={function handleSubmit} className="space-y-5">
                            <div>
                            <div>
                              <label>
                              <input
                                type="email"
                                id="contact-email"
                                name="email"
                                required={true}
                                autoComplete="email"
                                className="w-full rounded-md border border-input bg-background px-3 py-2.5 font-sans t..."
                                placeholder="you@example.com"
-                               style={{background-image:"url(\"data...",background-repeat:"no-repeat",background-size:"20px", ...}}
-                               data-temp-mail-org="0"
                              >
                            ...
              ...
        ...
      ...
 
    at <unknown> (file://C:/Users/amrit/mini projects/PlotKAre-temp/PLotKAre-temp1/webpage/.next/dev/static/chunks/node_modules_next_dist_compiled_react-dom_058-ah~._.js:3439:25)
    at runWithFiberInDEV (file://C:/Users/amrit/mini projects/PlotKAre-temp/PLotKAre-temp1/webpage/.next/dev/static/chunks/node_modules_next_dist_compiled_react-dom_058-ah~._.js:965:74)
    at emitPendingHydrationWarnings (file://C:/Users/amrit/mini projects/PlotKAre-temp/PLotKAre-temp1/webpage/.next/dev/static/chunks/node_modules_next_dist_compiled_react-dom_058-ah~._.js:3438:13)
    at completeWork (file://C:/Users/amrit/mini projects/PlotKAre-temp/PLotKAre-temp1/webpage/.next/dev/static/chunks/node_modules_next_dist_compiled_react-dom_058-ah~._.js:6885:102)
    at runWithFiberInDEV (file://C:/Users/amrit/mini projects/PlotKAre-temp/PLotKAre-temp1/webpage/.next/dev/static/chunks/node_modules_next_dist_compiled_react-dom_058-ah~._.js:965:131)
    at completeUnitOfWork (file://C:/Users/amrit/mini projects/PlotKAre-temp/PLotKAre-temp1/webpage/.next/dev/static/chunks/node_modules_next_dist_compiled_react-dom_058-ah~._.js:9622:23)
    at performUnitOfWork (file://C:/Users/amrit/mini projects/PlotKAre-temp/PLotKAre-temp1/webpage/.next/dev/static/chunks/node_modules_next_dist_compiled_react-dom_058-ah~._.js:9557:28)
    at workLoopConcurrentByScheduler (file://C:/Users/amrit/mini projects/PlotKAre-temp/PLotKAre-temp1/webpage/.next/dev/static/chunks/node_modules_next_dist_compiled_react-dom_058-ah~._.js:9551:58)
    at renderRootConcurrent (file://C:/Users/amrit/mini projects/PlotKAre-temp/PLotKAre-temp1/webpage/.next/dev/static/chunks/node_modules_next_dist_compiled_react-dom_058-ah~._.js:9534:71)
    at performWorkOnRoot (file://C:/Users/amrit/mini projects/PlotKAre-temp/PLotKAre-temp1/webpage/.next/dev/static/chunks/node_modules_next_dist_compiled_react-dom_058-ah~._.js:9061:150)
    at performWorkOnRootViaSchedulerTask (file://C:/Users/amrit/mini projects/PlotKAre-temp/PLotKAre-temp1/webpage/.next/dev/static/chunks/node_modules_next_dist_compiled_react-dom_058-ah~._.js:10255:9)
    at MessagePort.performWorkUntilDeadline (file://C:/Users/amrit/mini projects/PlotKAre-temp/PLotKAre-temp1/webpage/.next/dev/static/chunks/node_modules_next_dist_compiled_0rpq4pf._.js:2647:64) (file://C:/Users/amrit/mini projects/PlotKAre-temp/PLotKAre-temp1/webpage/.next/dev/static/chunks/node_modules_next_dist_compiled_react-dom_058-ah~._.js:3439:25)
[browser] THREE.Clock: This module has been deprecated. Please use THREE.Timer instead. (file://C:/Users/amrit/mini projects/PlotKAre-temp/PLotKAre-temp1/webpage/.next/dev/static/chunks/node_modules_next_dist_115brz8._.js:2431:13)
[browser] THREE.WebGLShadowMap: PCFSoftShadowMap has been deprecated. Using PCFShadowMap instead. (file://C:/Users/amrit/mini projects/PlotKAre-temp/PLotKAre-temp1/webpage/.next/dev/static/chunks/node_modules_next_dist_115brz8._.js:2431:13)
[browser] A tree hydrated but some attributes of the server rendered HTML didn't match the client properties. This won't be patched up. This can happen if a SSR-ed Client Component used:

- A server/client branch `if (typeof window !== 'undefined')`.
- Variable input such as `Date.now()` or `Math.random()` which changes each time it's called.
- Date formatting in a user's locale which doesn't match the server.
- External changing data without sending a snapshot of it along with the HTML.
- Invalid HTML tag nesting.

It can also happen if the client has a browser extension installed which messes with the HTML before React loaded.

https://react.dev/link/hydration-mismatch

  ...
    <RedirectErrorBoundary router={{...}}>
      <InnerLayoutRouter url="/#contact" tree={[...]} params={{}} cacheNode={{rsc:{...}, ...}} segmentPath={[...]} ...>
        <SegmentViewNode type="page" pagePath="page.tsx">
          <SegmentTrieNode>
          <HomePage>
            <main>
              <Navigation>
              <HeroSection>
              <TrustStrip>
              <ProblemSection>
              <ServicesSection>
              <PlotVisualizationSection>
              <HowItWorksSection>
              <LandUtilisationSection>
              <StatisticsSection>
              <AvailablePlotsShowcaseSection>
              <PricingSection>
              <MonitoringInsightsSection>
              <AwardsSection>
              <NewsroomSection>
              <ContactSection>
                <section id="contact" className="bg-seconda...">
                  <div className="mx-auto ma...">
                    <motion.div>
                    <motion.div initial={{opacity:0,y:16}} whileInView={{opacity:1,y:0}} viewport={{once:true}} ...>
                      <div className="mt-10 grid..." style={{opacity:0, ...}} ref={function useMotionRef.useCallback}>
                        <div>
                        <div>
                          <form onSubmit={function handleSubmit} className="space-y-5">
                            <div>
                            <div>
                              <label>
                              <input
                                type="email"
                                id="contact-email"
                                name="email"
                                required={true}
                                autoComplete="email"
                                className="w-full rounded-md border border-input bg-background px-3 py-2.5 font-sans t..."
                                placeholder="you@example.com"
-                               style={{background-image:"url(\"data...",background-repeat:"no-repeat",background-size:"20px", ...}}
-                               data-temp-mail-org="0"
                              >
                            ...
              ...
        ...
      ...
 
    at <unknown> (file://C:/Users/amrit/mini projects/PlotKAre-temp/PLotKAre-temp1/webpage/.next/dev/static/chunks/node_modules_next_dist_compiled_react-dom_058-ah~._.js:3439:25)
    at runWithFiberInDEV (file://C:/Users/amrit/mini projects/PlotKAre-temp/PLotKAre-temp1/webpage/.next/dev/static/chunks/node_modules_next_dist_compiled_react-dom_058-ah~._.js:965:74)
    at emitPendingHydrationWarnings (file://C:/Users/amrit/mini projects/PlotKAre-temp/PLotKAre-temp1/webpage/.next/dev/static/chunks/node_modules_next_dist_compiled_react-dom_058-ah~._.js:3438:13)
    at completeWork (file://C:/Users/amrit/mini projects/PlotKAre-temp/PLotKAre-temp1/webpage/.next/dev/static/chunks/node_modules_next_dist_compiled_react-dom_058-ah~._.js:6885:102)
    at runWithFiberInDEV (file://C:/Users/amrit/mini projects/PlotKAre-temp/PLotKAre-temp1/webpage/.next/dev/static/chunks/node_modules_next_dist_compiled_react-dom_058-ah~._.js:965:131)
    at completeUnitOfWork (file://C:/Users/amrit/mini projects/PlotKAre-temp/PLotKAre-temp1/webpage/.next/dev/static/chunks/node_modules_next_dist_compiled_react-dom_058-ah~._.js:9622:23)
    at performUnitOfWork (file://C:/Users/amrit/mini projects/PlotKAre-temp/PLotKAre-temp1/webpage/.next/dev/static/chunks/node_modules_next_dist_compiled_react-dom_058-ah~._.js:9557:28)
    at workLoopConcurrentByScheduler (file://C:/Users/amrit/mini projects/PlotKAre-temp/PLotKAre-temp1/webpage/.next/dev/static/chunks/node_modules_next_dist_compiled_react-dom_058-ah~._.js:9551:58)
    at renderRootConcurrent (file://C:/Users/amrit/mini projects/PlotKAre-temp/PLotKAre-temp1/webpage/.next/dev/static/chunks/node_modules_next_dist_compiled_react-dom_058-ah~._.js:9534:71)
    at performWorkOnRoot (file://C:/Users/amrit/mini projects/PlotKAre-temp/PLotKAre-temp1/webpage/.next/dev/static/chunks/node_modules_next_dist_compiled_react-dom_058-ah~._.js:9061:150)
    at performWorkOnRootViaSchedulerTask (file://C:/Users/amrit/mini projects/PlotKAre-temp/PLotKAre-temp1/webpage/.next/dev/static/chunks/node_modules_next_dist_compiled_react-dom_058-ah~._.js:10255:9)
    at MessagePort.performWorkUntilDeadline (file://C:/Users/amrit/mini projects/PlotKAre-temp/PLotKAre-temp1/webpage/.next/dev/static/chunks/node_modules_next_dist_compiled_0rpq4pf._.js:2647:64) (file://C:/Users/amrit/mini projects/PlotKAre-temp/PLotKAre-temp1/webpage/.next/dev/static/chunks/node_modules_next_dist_compiled_react-dom_058-ah~._.js:3439:25)
[browser] THREE.Clock: This module has been deprecated. Please use THREE.Timer instead. (file://C:/Users/amrit/mini projects/PlotKAre-temp/PLotKAre-temp1/webpage/.next/dev/static/chunks/node_modules_next_dist_115brz8._.js:2431:13)
[browser] THREE.WebGLShadowMap: PCFSoftShadowMap has been deprecated. Using PCFShadowMap instead. (file://C:/Users/amrit/mini projects/PlotKAre-temp/PLotKAre-temp1/webpage/.next/dev/static/chunks/node_modules_next_dist_115brz8._.js:2431:13)
[browser] A tree hydrated but some attributes of the server rendered HTML didn't match the client properties. This won't be patched up. This can happen if a SSR-ed Client Component used:

- A server/client branch `if (typeof window !== 'undefined')`.
- Variable input such as `Date.now()` or `Math.random()` which changes each time it's called.
- Date formatting in a user's locale which doesn't match the server.
- External changing data without sending a snapshot of it along with the HTML.
- Invalid HTML tag nesting.

It can also happen if the client has a browser extension installed which messes with the HTML before React loaded.

https://react.dev/link/hydration-mismatch

  ...
    <RedirectErrorBoundary router={{...}}>
      <InnerLayoutRouter url="/#contact" tree={[...]} params={{}} cacheNode={{rsc:{...}, ...}} segmentPath={[...]} ...>
        <SegmentViewNode type="page" pagePath="page.tsx">
          <SegmentTrieNode>
          <HomePage>
            <main>
              <Navigation>
              <HeroSection>
              <TrustStrip>
              <ProblemSection>
              <ServicesSection>
              <PlotVisualizationSection>
              <HowItWorksSection>
              <LandUtilisationSection>
              <StatisticsSection>
              <AvailablePlotsShowcaseSection>
              <PricingSection>
              <MonitoringInsightsSection>
              <AwardsSection>
              <NewsroomSection>
              <ContactSection>
                <section id="contact" className="bg-seconda...">
                  <div className="mx-auto ma...">
                    <motion.div>
                    <motion.div initial={{opacity:0,y:16}} whileInView={{opacity:1,y:0}} viewport={{once:true}} ...>
                      <div className="mt-10 grid..." style={{opacity:0, ...}} ref={function useMotionRef.useCallback}>
                        <div>
                        <div>
                          <form onSubmit={function handleSubmit} className="space-y-5">
                            <div>
                            <div>
                              <label>
                              <input
                                type="email"
                                id="contact-email"
                                name="email"
                                required={true}
                                autoComplete="email"
                                className="w-full rounded-md border border-input bg-background px-3 py-2.5 font-sans t..."
                                placeholder="you@example.com"
-                               style={{background-image:"url(\"data...",background-repeat:"no-repeat",background-size:"20px", ...}}
-                               data-temp-mail-org="0"
                              >
                            ...
              ...
        ...
      ...
 
    at <unknown> (file://C:/Users/amrit/mini projects/PlotKAre-temp/PLotKAre-temp1/webpage/.next/dev/static/chunks/node_modules_next_dist_compiled_react-dom_058-ah~._.js:3439:25)
    at runWithFiberInDEV (file://C:/Users/amrit/mini projects/PlotKAre-temp/PLotKAre-temp1/webpage/.next/dev/static/chunks/node_modules_next_dist_compiled_react-dom_058-ah~._.js:965:74)
    at emitPendingHydrationWarnings (file://C:/Users/amrit/mini projects/PlotKAre-temp/PLotKAre-temp1/webpage/.next/dev/static/chunks/node_modules_next_dist_compiled_react-dom_058-ah~._.js:3438:13)
    at completeWork (file://C:/Users/amrit/mini projects/PlotKAre-temp/PLotKAre-temp1/webpage/.next/dev/static/chunks/node_modules_next_dist_compiled_react-dom_058-ah~._.js:6885:102)
    at runWithFiberInDEV (file://C:/Users/amrit/mini projects/PlotKAre-temp/PLotKAre-temp1/webpage/.next/dev/static/chunks/node_modules_next_dist_compiled_react-dom_058-ah~._.js:965:131)
    at completeUnitOfWork (file://C:/Users/amrit/mini projects/PlotKAre-temp/PLotKAre-temp1/webpage/.next/dev/static/chunks/node_modules_next_dist_compiled_react-dom_058-ah~._.js:9622:23)
    at performUnitOfWork (file://C:/Users/amrit/mini projects/PlotKAre-temp/PLotKAre-temp1/webpage/.next/dev/static/chunks/node_modules_next_dist_compiled_react-dom_058-ah~._.js:9557:28)
    at workLoopConcurrentByScheduler (file://C:/Users/amrit/mini projects/PlotKAre-temp/PLotKAre-temp1/webpage/.next/dev/static/chunks/node_modules_next_dist_compiled_react-dom_058-ah~._.js:9551:58)
    at renderRootConcurrent (file://C:/Users/amrit/mini projects/PlotKAre-temp/PLotKAre-temp1/webpage/.next/dev/static/chunks/node_modules_next_dist_compiled_react-dom_058-ah~._.js:9534:71)
    at performWorkOnRoot (file://C:/Users/amrit/mini projects/PlotKAre-temp/PLotKAre-temp1/webpage/.next/dev/static/chunks/node_modules_next_dist_compiled_react-dom_058-ah~._.js:9061:150)
    at performWorkOnRootViaSchedulerTask (file://C:/Users/amrit/mini projects/PlotKAre-temp/PLotKAre-temp1/webpage/.next/dev/static/chunks/node_modules_next_dist_compiled_react-dom_058-ah~._.js:10255:9)
    at MessagePort.performWorkUntilDeadline (file://C:/Users/amrit/mini projects/PlotKAre-temp/PLotKAre-temp1/webpage/.next/dev/static/chunks/node_modules_next_dist_compiled_0rpq4pf._.js:2647:64) (file://C:/Users/amrit/mini projects/PlotKAre-temp/PLotKAre-temp1/webpage/.next/dev/static/chunks/node_modules_next_dist_compiled_react-dom_058-ah~._.js:3439:25)
[browser] THREE.Clock: This module has been deprecated. Please use THREE.Timer instead. (file://C:/Users/amrit/mini projects/PlotKAre-temp/PLotKAre-temp1/webpage/.next/dev/static/chunks/node_modules_next_dist_115brz8._.js:2431:13)
[browser] THREE.WebGLShadowMap: PCFSoftShadowMap has been deprecated. Using PCFShadowMap instead. (file://C:/Users/amrit/mini projects/PlotKAre-temp/PLotKAre-temp1/webpage/.next/dev/static/chunks/node_modules_next_dist_115brz8._.js:2431:13)
[browser] THREE.WebGLShadowMap: PCFSoftShadowMap has been deprecated. Using PCFShadowMap instead. (file://C:/Users/amrit/mini projects/PlotKAre-temp/PLotKAre-temp1/webpage/.next/dev/static/chunks/node_modules_next_dist_115brz8._.js:2431:13)
[browser] THREE.Clock: This module has been deprecated. Please use THREE.Timer instead. (file://C:/Users/amrit/mini projects/PlotKAre-temp/PLotKAre-temp1/webpage/.next/dev/static/chunks/node_modules_next_dist_115brz8._.js:2431:13)
[browser] THREE.WebGLShadowMap: PCFSoftShadowMap has been deprecated. Using PCFShadowMap instead. (file://C:/Users/amrit/mini projects/PlotKAre-temp/PLotKAre-temp1/webpage/.next/dev/static/chunks/node_modules_next_dist_115brz8._.js:2431:13)
[browser] THREE.Clock: This module has been deprecated. Please use THREE.Timer instead. (file://C:/Users/amrit/mini projects/PlotKAre-temp/PLotKAre-temp1/webpage/.next/dev/static/chunks/node_modules_next_dist_115brz8._.js:2431:13)
[browser] THREE.WebGLShadowMap: PCFSoftShadowMap has been deprecated. Using PCFShadowMap instead. (file://C:/Users/amrit/mini projects/PlotKAre-temp/PLotKAre-temp1/webpage/.next/dev/static/chunks/node_modules_next_dist_115brz8._.js:2431:13)
[browser] THREE.WebGLShadowMap: PCFSoftShadowMap has been deprecated. Using PCFShadowMap instead. (file://C:/Users/amrit/mini projects/PlotKAre-temp/PLotKAre-temp1/webpage/.next/dev/static/chunks/node_modules_next_dist_115brz8._.js:2431:13)
[browser] THREE.WebGLShadowMap: PCFSoftShadowMap has been deprecated. Using PCFShadowMap instead. (file://C:/Users/amrit/mini projects/PlotKAre-temp/PLotKAre-temp1/webpage/.next/dev/static/chunks/node_modules_next_dist_115brz8._.js:2431:13)
[browser] THREE.WebGLShadowMap: PCFSoftShadowMap has been deprecated. Using PCFShadowMap instead. (file://C:/Users/amrit/mini projects/PlotKAre-temp/PLotKAre-temp1/webpage/.next/dev/static/chunks/node_modules_next_dist_115brz8._.js:2431:13)
[browser] THREE.WebGLShadowMap: PCFSoftShadowMap has been deprecated. Using PCFShadowMap instead. (file://C:/Users/amrit/mini projects/PlotKAre-temp/PLotKAre-temp1/webpage/.next/dev/static/chunks/node_modules_next_dist_115brz8._.js:2431:13)
[browser] THREE.WebGLShadowMap: PCFSoftShadowMap has been deprecated. Using PCFShadowMap instead. (file://C:/Users/amrit/mini projects/PlotKAre-temp/PLotKAre-temp1/webpage/.next/dev/static/chunks/node_modules_next_dist_115brz8._.js:2431:13)
[browser] THREE.WebGLShadowMap: PCFSoftShadowMap has been deprecated. Using PCFShadowMap instead. (file://C:/Users/amrit/mini projects/PlotKAre-temp/PLotKAre-temp1/webpage/.next/dev/static/chunks/node_modules_next_dist_115brz8._.js:2431:13)
[browser] THREE.WebGLShadowMap: PCFSoftShadowMap has been deprecated. Using PCFShadowMap instead. (file://C:/Users/amrit/mini projects/PlotKAre-temp/PLotKAre-temp1/webpage/.next/dev/static/chunks/node_modules_next_dist_115brz8._.js:2431:13)
[browser] THREE.WebGLShadowMap: PCFSoftShadowMap has been deprecated. Using PCFShadowMap instead. (file://C:/Users/amrit/mini projects/PlotKAre-temp/PLotKAre-temp1/webpage/.next/dev/static/chunks/node_modules_next_dist_115brz8._.js:2431:13)
[browser] THREE.WebGLShadowMap: PCFSoftShadowMap has been deprecated. Using PCFShadowMap instead. (file://C:/Users/amrit/mini projects/PlotKAre-temp/PLotKAre-temp1/webpage/.next/dev/static/chunks/node_modules_next_dist_115brz8._.js:2431:13)
[browser] THREE.WebGLShadowMap: PCFSoftShadowMap has been deprecated. Using PCFShadowMap instead. (file://C:/Users/amrit/mini projects/PlotKAre-temp/PLotKAre-temp1/webpage/.next/dev/static/chunks/node_modules_next_dist_115brz8._.js:2431:13)
[browser] THREE.WebGLShadowMap: PCFSoftShadowMap has been deprecated. Using PCFShadowMap instead. (file://C:/Users/amrit/mini projects/PlotKAre-temp/PLotKAre-temp1/webpage/.next/dev/static/chunks/node_modules_next_dist_115brz8._.js:2431:13)
[browser] THREE.WebGLShadowMap: PCFSoftShadowMap has been deprecated. Using PCFShadowMap instead. (file://C:/Users/amrit/mini projects/PlotKAre-temp/PLotKAre-temp1/webpage/.next/dev/static/chunks/node_modules_next_dist_115brz8._.js:2431:13)
[browser] THREE.WebGLShadowMap: PCFSoftShadowMap has been deprecated. Using PCFShadowMap instead. (file://C:/Users/amrit/mini projects/PlotKAre-temp/PLotKAre-temp1/webpage/.next/dev/static/chunks/node_modules_next_dist_115brz8._.js:2431:13)
[browser] THREE.WebGLShadowMap: PCFSoftShadowMap has been deprecated. Using PCFShadowMap instead. (file://C:/Users/amrit/mini projects/PlotKAre-temp/PLotKAre-temp1/webpage/.next/dev/static/chunks/node_modules_next_dist_115brz8._.js:2431:13)
[browser] THREE.WebGLShadowMap: PCFSoftShadowMap has been deprecated. Using PCFShadowMap instead. (file://C:/Users/amrit/mini projects/PlotKAre-temp/PLotKAre-temp1/webpage/.next/dev/static/chunks/node_modules_next_dist_115brz8._.js:2431:13)
[browser] THREE.WebGLShadowMap: PCFSoftShadowMap has been deprecated. Using PCFShadowMap instead. (file://C:/Users/amrit/mini projects/PlotKAre-temp/PLotKAre-temp1/webpage/.next/dev/static/chunks/node_modules_next_dist_115brz8._.js:2431:13)
[browser] THREE.WebGLShadowMap: PCFSoftShadowMap has been deprecated. Using PCFShadowMap instead. (file://C:/Users/amrit/mini projects/PlotKAre-temp/PLotKAre-temp1/webpage/.next/dev/static/chunks/node_modules_next_dist_115brz8._.js:2431:13)
[browser] THREE.WebGLShadowMap: PCFSoftShadowMap has been deprecated. Using PCFShadowMap instead. (file://C:/Users/amrit/mini projects/PlotKAre-temp/PLotKAre-temp1/webpage/.next/dev/static/chunks/node_modules_next_dist_115brz8._.js:2431:13)
[browser] THREE.WebGLShadowMap: PCFSoftShadowMap has been deprecated. Using PCFShadowMap instead. (file://C:/Users/amrit/mini projects/PlotKAre-temp/PLotKAre-temp1/webpage/.next/dev/static/chunks/node_modules_next_dist_115brz8._.js:2431:13)
[browser] THREE.WebGLShadowMap: PCFSoftShadowMap has been deprecated. Using PCFShadowMap instead. (file://C:/Users/amrit/mini projects/PlotKAre-temp/PLotKAre-temp1/webpage/.next/dev/static/chunks/node_modules_next_dist_115brz8._.js:2431:13)
[browser] THREE.WebGLShadowMap: PCFSoftShadowMap has been deprecated. Using PCFShadowMap instead. (file://C:/Users/amrit/mini projects/PlotKAre-temp/PLotKAre-temp1/webpage/.next/dev/static/chunks/node_modules_next_dist_115brz8._.js:2431:13)
[browser] THREE.WebGLShadowMap: PCFSoftShadowMap has been deprecated. Using PCFShadowMap instead. (file://C:/Users/amrit/mini projects/PlotKAre-temp/PLotKAre-temp1/webpage/.next/dev/static/chunks/node_modules_next_dist_115brz8._.js:2431:13)
[browser] THREE.WebGLShadowMap: PCFSoftShadowMap has been deprecated. Using PCFShadowMap instead. (file://C:/Users/amrit/mini projects/PlotKAre-temp/PLotKAre-temp1/webpage/.next/dev/static/chunks/node_modules_next_dist_115brz8._.js:2431:13)
[browser] THREE.WebGLShadowMap: PCFSoftShadowMap has been deprecated. Using PCFShadowMap instead. (file://C:/Users/amrit/mini projects/PlotKAre-temp/PLotKAre-temp1/webpage/.next/dev/static/chunks/node_modules_next_dist_115brz8._.js:2431:13)
[browser] THREE.WebGLShadowMap: PCFSoftShadowMap has been deprecated. Using PCFShadowMap instead. (file://C:/Users/amrit/mini projects/PlotKAre-temp/PLotKAre-temp1/webpage/.next/dev/static/chunks/node_modules_next_dist_115brz8._.js:2431:13)
[browser] THREE.WebGLShadowMap: PCFSoftShadowMap has been deprecated. Using PCFShadowMap instead. (file://C:/Users/amrit/mini projects/PlotKAre-temp/PLotKAre-temp1/webpage/.next/dev/static/chunks/node_modules_next_dist_115brz8._.js:2431:13)
[browser] THREE.WebGLShadowMap: PCFSoftShadowMap has been deprecated. Using PCFShadowMap instead. (file://C:/Users/amrit/mini projects/PlotKAre-temp/PLotKAre-temp1/webpage/.next/dev/static/chunks/node_modules_next_dist_115brz8._.js:2431:13)
[browser] THREE.WebGLShadowMap: PCFSoftShadowMap has been deprecated. Using PCFShadowMap instead. (file://C:/Users/amrit/mini projects/PlotKAre-temp/PLotKAre-temp1/webpage/.next/dev/static/chunks/node_modules_next_dist_115brz8._.js:2431:13)
[browser] THREE.WebGLShadowMap: PCFSoftShadowMap has been deprecated. Using PCFShadowMap instead. (file://C:/Users/amrit/mini projects/PlotKAre-temp/PLotKAre-temp1/webpage/.next/dev/static/chunks/node_modules_next_dist_115brz8._.js:2431:13)
[browser] THREE.WebGLShadowMap: PCFSoftShadowMap has been deprecated. Using PCFShadowMap instead. (file://C:/Users/amrit/mini projects/PlotKAre-temp/PLotKAre-temp1/webpage/.next/dev/static/chunks/node_modules_next_dist_115brz8._.js:2431:13)
[browser] THREE.WebGLShadowMap: PCFSoftShadowMap has been deprecated. Using PCFShadowMap instead. (file://C:/Users/amrit/mini projects/PlotKAre-temp/PLotKAre-temp1/webpage/.next/dev/static/chunks/node_modules_next_dist_115brz8._.js:2431:13)
[browser] THREE.WebGLShadowMap: PCFSoftShadowMap has been deprecated. Using PCFShadowMap instead. (file://C:/Users/amrit/mini projects/PlotKAre-temp/PLotKAre-temp1/webpage/.next/dev/static/chunks/node_modules_next_dist_115brz8._.js:2431:13)
[browser] THREE.WebGLShadowMap: PCFSoftShadowMap has been deprecated. Using PCFShadowMap instead. (file://C:/Users/amrit/mini projects/PlotKAre-temp/PLotKAre-temp1/webpage/.next/dev/static/chunks/node_modules_next_dist_115brz8._.js:2431:13)
[browser] THREE.WebGLShadowMap: PCFSoftShadowMap has been deprecated. Using PCFShadowMap instead. (file://C:/Users/amrit/mini projects/PlotKAre-temp/PLotKAre-temp1/webpage/.next/dev/static/chunks/node_modules_next_dist_115brz8._.js:2431:13)
[browser] THREE.WebGLShadowMap: PCFSoftShadowMap has been deprecated. Using PCFShadowMap instead. (file://C:/Users/amrit/mini projects/PlotKAre-temp/PLotKAre-temp1/webpage/.next/dev/static/chunks/node_modules_next_dist_115brz8._.js:2431:13)
[browser] THREE.WebGLShadowMap: PCFSoftShadowMap has been deprecated. Using PCFShadowMap instead. (file://C:/Users/amrit/mini projects/PlotKAre-temp/PLotKAre-temp1/webpage/.next/dev/static/chunks/node_modules_next_dist_115brz8._.js:2431:13)
[browser] THREE.WebGLShadowMap: PCFSoftShadowMap has been deprecated. Using PCFShadowMap instead. (file://C:/Users/amrit/mini projects/PlotKAre-temp/PLotKAre-temp1/webpage/.next/dev/static/chunks/node_modules_next_dist_115brz8._.js:2431:13)
[browser] THREE.WebGLShadowMap: PCFSoftShadowMap has been deprecated. Using PCFShadowMap instead. (file://C:/Users/amrit/mini projects/PlotKAre-temp/PLotKAre-temp1/webpage/.next/dev/static/chunks/node_modules_next_dist_115brz8._.js:2431:13)
[browser] THREE.WebGLShadowMap: PCFSoftShadowMap has been deprecated. Using PCFShadowMap instead. (file://C:/Users/amrit/mini projects/PlotKAre-temp/PLotKAre-temp1/webpage/.next/dev/static/chunks/node_modules_next_dist_115brz8._.js:2431:13)
[browser] THREE.WebGLShadowMap: PCFSoftShadowMap has been deprecated. Using PCFShadowMap instead. (file://C:/Users/amrit/mini projects/PlotKAre-temp/PLotKAre-temp1/webpage/.next/dev/static/chunks/node_modules_next_dist_115brz8._.js:2431:13)
[browser] THREE.WebGLShadowMap: PCFSoftShadowMap has been deprecated. Using PCFShadowMap instead. (file://C:/Users/amrit/mini projects/PlotKAre-temp/PLotKAre-temp1/webpage/.next/dev/static/chunks/node_modules_next_dist_115brz8._.js:2431:13)
[browser] THREE.WebGLShadowMap: PCFSoftShadowMap has been deprecated. Using PCFShadowMap instead. (file://C:/Users/amrit/mini projects/PlotKAre-temp/PLotKAre-temp1/webpage/.next/dev/static/chunks/node_modules_next_dist_115brz8._.js:2431:13)
[browser] THREE.WebGLShadowMap: PCFSoftShadowMap has been deprecated. Using PCFShadowMap instead. (file://C:/Users/amrit/mini projects/PlotKAre-temp/PLotKAre-temp1/webpage/.next/dev/static/chunks/node_modules_next_dist_115brz8._.js:2431:13)
[browser] THREE.WebGLShadowMap: PCFSoftShadowMap has been deprecated. Using PCFShadowMap instead. (file://C:/Users/amrit/mini projects/PlotKAre-temp/PLotKAre-temp1/webpage/.next/dev/static/chunks/node_modules_next_dist_115brz8._.js:2431:13)
[browser] THREE.WebGLShadowMap: PCFSoftShadowMap has been deprecated. Using PCFShadowMap instead. (file://C:/Users/amrit/mini projects/PlotKAre-temp/PLotKAre-temp1/webpage/.next/dev/static/chunks/node_modules_next_dist_115brz8._.js:2431:13)
[browser] THREE.WebGLShadowMap: PCFSoftShadowMap has been deprecated. Using PCFShadowMap instead. (file://C:/Users/amrit/mini projects/PlotKAre-temp/PLotKAre-temp1/webpage/.next/dev/static/chunks/node_modules_next_dist_115brz8._.js:2431:13)
[browser] THREE.WebGLShadowMap: PCFSoftShadowMap has been deprecated. Using PCFShadowMap instead. (file://C:/Users/amrit/mini projects/PlotKAre-temp/PLotKAre-temp1/webpage/.next/dev/static/chunks/node_modules_next_dist_115brz8._.js:2431:13)
[browser] THREE.WebGLShadowMap: PCFSoftShadowMap has been deprecated. Using PCFShadowMap instead. (file://C:/Users/amrit/mini projects/PlotKAre-temp/PLotKAre-temp1/webpage/.next/dev/static/chunks/node_modules_next_dist_115brz8._.js:2431:13)
[browser] THREE.WebGLShadowMap: PCFSoftShadowMap has been deprecated. Using PCFShadowMap instead. (file://C:/Users/amrit/mini projects/PlotKAre-temp/PLotKAre-temp1/webpage/.next/dev/static/chunks/node_modules_next_dist_115brz8._.js:2431:13)
[browser] THREE.WebGLShadowMap: PCFSoftShadowMap has been deprecated. Using PCFShadowMap instead. (file://C:/Users/amrit/mini projects/PlotKAre-temp/PLotKAre-temp1/webpage/.next/dev/static/chunks/node_modules_next_dist_115brz8._.js:2431:13)
[browser] THREE.WebGLShadowMap: PCFSoftShadowMap has been deprecated. Using PCFShadowMap instead. (file://C:/Users/amrit/mini projects/PlotKAre-temp/PLotKAre-temp1/webpage/.next/dev/static/chunks/node_modules_next_dist_115brz8._.js:2431:13)
[browser] THREE.WebGLShadowMap: PCFSoftShadowMap has been deprecated. Using PCFShadowMap instead. (file://C:/Users/amrit/mini projects/PlotKAre-temp/PLotKAre-temp1/webpage/.next/dev/static/chunks/node_modules_next_dist_115brz8._.js:2431:13)
[browser] THREE.WebGLShadowMap: PCFSoftShadowMap has been deprecated. Using PCFShadowMap instead. (file://C:/Users/amrit/mini projects/PlotKAre-temp/PLotKAre-temp1/webpage/.next/dev/static/chunks/node_modules_next_dist_115brz8._.js:2431:13)
[browser] THREE.WebGLShadowMap: PCFSoftShadowMap has been deprecated. Using PCFShadowMap instead. (file://C:/Users/amrit/mini projects/PlotKAre-temp/PLotKAre-temp1/webpage/.next/dev/static/chunks/node_modules_next_dist_115brz8._.js:2431:13)
[browser] THREE.WebGLShadowMap: PCFSoftShadowMap has been deprecated. Using PCFShadowMap instead. (file://C:/Users/amrit/mini projects/PlotKAre-temp/PLotKAre-temp1/webpage/.next/dev/static/chunks/node_modules_next_dist_115brz8._.js:2431:13)
[browser] THREE.WebGLShadowMap: PCFSoftShadowMap has been deprecated. Using PCFShadowMap instead. (file://C:/Users/amrit/mini projects/PlotKAre-temp/PLotKAre-temp1/webpage/.next/dev/static/chunks/node_modules_next_dist_115brz8._.js:2431:13)
[browser] THREE.WebGLShadowMap: PCFSoftShadowMap has been deprecated. Using PCFShadowMap instead. (file://C:/Users/amrit/mini projects/PlotKAre-temp/PLotKAre-temp1/webpage/.next/dev/static/chunks/node_modules_next_dist_115brz8._.js:2431:13)
[browser] THREE.WebGLShadowMap: PCFSoftShadowMap has been deprecated. Using PCFShadowMap instead. (file://C:/Users/amrit/mini projects/PlotKAre-temp/PLotKAre-temp1/webpage/.next/dev/static/chunks/node_modules_next_dist_115brz8._.js:2431:13)
[browser] THREE.WebGLShadowMap: PCFSoftShadowMap has been deprecated. Using PCFShadowMap instead. (file://C:/Users/amrit/mini projects/PlotKAre-temp/PLotKAre-temp1/webpage/.next/dev/static/chunks/node_modules_next_dist_115brz8._.js:2431:13)
[browser] THREE.WebGLShadowMap: PCFSoftShadowMap has been deprecated. Using PCFShadowMap instead. (file://C:/Users/amrit/mini projects/PlotKAre-temp/PLotKAre-temp1/webpage/.next/dev/static/chunks/node_modules_next_dist_115brz8._.js:2431:13)
[browser] THREE.WebGLShadowMap: PCFSoftShadowMap has been deprecated. Using PCFShadowMap instead. (file://C:/Users/amrit/mini projects/PlotKAre-temp/PLotKAre-temp1/webpage/.next/dev/static/chunks/node_modules_next_dist_115brz8._.js:2431:13)
[browser] THREE.WebGLShadowMap: PCFSoftShadowMap has been deprecated. Using PCFShadowMap instead. (file://C:/Users/amrit/mini projects/PlotKAre-temp/PLotKAre-temp1/webpage/.next/dev/static/chunks/node_modules_next_dist_115brz8._.js:2431:13)
[browser] THREE.WebGLShadowMap: PCFSoftShadowMap has been deprecated. Using PCFShadowMap instead. (file://C:/Users/amrit/mini projects/PlotKAre-temp/PLotKAre-temp1/webpage/.next/dev/static/chunks/node_modules_next_dist_115brz8._.js:2431:13)
[browser] THREE.WebGLShadowMap: PCFSoftShadowMap has been deprecated. Using PCFShadowMap instead. (file://C:/Users/amrit/mini projects/PlotKAre-temp/PLotKAre-temp1/webpage/.next/dev/static/chunks/node_modules_next_dist_115brz8._.js:2431:13)
[browser] THREE.WebGLShadowMap: PCFSoftShadowMap has been deprecated. Using PCFShadowMap instead. (file://C:/Users/amrit/mini projects/PlotKAre-temp/PLotKAre-temp1/webpage/.next/dev/static/chunks/node_modules_next_dist_115brz8._.js:2431:13)
[browser] THREE.WebGLShadowMap: PCFSoftShadowMap has been deprecated. Using PCFShadowMap instead. (file://C:/Users/amrit/mini projects/PlotKAre-temp/PLotKAre-temp1/webpage/.next/dev/static/chunks/node_modules_next_dist_115brz8._.js:2431:13)
[browser] THREE.WebGLShadowMap: PCFSoftShadowMap has been deprecated. Using PCFShadowMap instead. (file://C:/Users/amrit/mini projects/PlotKAre-temp/PLotKAre-temp1/webpage/.next/dev/static/chunks/node_modules_next_dist_115brz8._.js:2431:13)
[browser] THREE.WebGLShadowMap: PCFSoftShadowMap has been deprecated. Using PCFShadowMap instead. (file://C:/Users/amrit/mini projects/PlotKAre-temp/PLotKAre-temp1/webpage/.next/dev/static/chunks/node_modules_next_dist_115brz8._.js:2431:13)
[browser] THREE.WebGLShadowMap: PCFSoftShadowMap has been deprecated. Using PCFShadowMap instead. (file://C:/Users/amrit/mini projects/PlotKAre-temp/PLotKAre-temp1/webpage/.next/dev/static/chunks/node_modules_next_dist_115brz8._.js:2431:13)
[browser] THREE.WebGLShadowMap: PCFSoftShadowMap has been deprecated. Using PCFShadowMap instead. (file://C:/Users/amrit/mini projects/PlotKAre-temp/PLotKAre-temp1/webpage/.next/dev/static/chunks/node_modules_next_dist_115brz8._.js:2431:13)
[browser] THREE.WebGLShadowMap: PCFSoftShadowMap has been deprecated. Using PCFShadowMap instead. (file://C:/Users/amrit/mini projects/PlotKAre-temp/PLotKAre-temp1/webpage/.next/dev/static/chunks/node_modules_next_dist_115brz8._.js:2431:13)
[browser] THREE.WebGLShadowMap: PCFSoftShadowMap has been deprecated. Using PCFShadowMap instead. (file://C:/Users/amrit/mini projects/PlotKAre-temp/PLotKAre-temp1/webpage/.next/dev/static/chunks/node_modules_next_dist_115brz8._.js:2431:13)
[browser] THREE.WebGLShadowMap: PCFSoftShadowMap has been deprecated. Using PCFShadowMap instead. (file://C:/Users/amrit/mini projects/PlotKAre-temp/PLotKAre-temp1/webpage/.next/dev/static/chunks/node_modules_next_dist_115brz8._.js:2431:13)
[browser] THREE.WebGLShadowMap: PCFSoftShadowMap has been deprecated. Using PCFShadowMap instead. (file://C:/Users/amrit/mini projects/PlotKAre-temp/PLotKAre-temp1/webpage/.next/dev/static/chunks/node_modules_next_dist_115brz8._.js:2431:13)
[browser] THREE.WebGLShadowMap: PCFSoftShadowMap has been deprecated. Using PCFShadowMap instead. (file://C:/Users/amrit/mini projects/PlotKAre-temp/PLotKAre-temp1/webpage/.next/dev/static/chunks/node_modules_next_dist_115brz8._.js:2431:13)
[browser] THREE.WebGLShadowMap: PCFSoftShadowMap has been deprecated. Using PCFShadowMap instead. (file://C:/Users/amrit/mini projects/PlotKAre-temp/PLotKAre-temp1/webpage/.next/dev/static/chunks/node_modules_next_dist_115brz8._.js:2431:13)
[browser] THREE.WebGLShadowMap: PCFSoftShadowMap has been deprecated. Using PCFShadowMap instead. (file://C:/Users/amrit/mini projects/PlotKAre-temp/PLotKAre-temp1/webpage/.next/dev/static/chunks/node_modules_next_dist_115brz8._.js:2431:13)
[browser] THREE.WebGLShadowMap: PCFSoftShadowMap has been deprecated. Using PCFShadowMap instead. (file://C:/Users/amrit/mini projects/PlotKAre-temp/PLotKAre-temp1/webpage/.next/dev/static/chunks/node_modules_next_dist_115brz8._.js:2431:13)
[browser] THREE.Clock: This module has been deprecated. Please use THREE.Timer instead. (file://C:/Users/amrit/mini projects/PlotKAre-temp/PLotKAre-temp1/webpage/.next/dev/static/chunks/node_modules_next_dist_115brz8._.js:2431:13)
[browser] THREE.WebGLShadowMap: PCFSoftShadowMap has been deprecated. Using PCFShadowMap instead. (file://C:/Users/amrit/mini projects/PlotKAre-temp/PLotKAre-temp1/webpage/.next/dev/static/chunks/node_modules_next_dist_115brz8._.js:2431:13)
[browser] THREE.WebGLShadowMap: PCFSoftShadowMap has been deprecated. Using PCFShadowMap instead. (file://C:/Users/amrit/mini projects/PlotKAre-temp/PLotKAre-temp1/webpage/.next/dev/static/chunks/node_modules_next_dist_115brz8._.js:2431:13)
[browser] THREE.WebGLShadowMap: PCFSoftShadowMap has been deprecated. Using PCFShadowMap instead. (file://C:/Users/amrit/mini projects/PlotKAre-temp/PLotKAre-temp1/webpage/.next/dev/static/chunks/node_modules_next_dist_115brz8._.js:2431:13)
[browser] THREE.WebGLShadowMap: PCFSoftShadowMap has been deprecated. Using PCFShadowMap instead. (file://C:/Users/amrit/mini projects/PlotKAre-temp/PLotKAre-temp1/webpage/.next/dev/static/chunks/node_modules_next_dist_115brz8._.js:2431:13)
[browser] THREE.WebGLShadowMap: PCFSoftShadowMap has been deprecated. Using PCFShadowMap instead. (file://C:/Users/amrit/mini projects/PlotKAre-temp/PLotKAre-temp1/webpage/.next/dev/static/chunks/node_modules_next_dist_115brz8._.js:2431:13)
[browser] THREE.WebGLShadowMap: PCFSoftShadowMap has been deprecated. Using PCFShadowMap instead. (file://C:/Users/amrit/mini projects/PlotKAre-temp/PLotKAre-temp1/webpage/.next/dev/static/chunks/node_modules_next_dist_115brz8._.js:2431:13)
[browser] THREE.WebGLShadowMap: PCFSoftShadowMap has been deprecated. Using PCFShadowMap instead. (file://C:/Users/amrit/mini projects/PlotKAre-temp/PLotKAre-temp1/webpage/.next/dev/static/chunks/node_modules_next_dist_115brz8._.js:2431:13)
[browser] THREE.WebGLShadowMap: PCFSoftShadowMap has been deprecated. Using PCFShadowMap instead. (file://C:/Users/amrit/mini projects/PlotKAre-temp/PLotKAre-temp1/webpage/.next/dev/static/chunks/node_modules_next_dist_115brz8._.js:2431:13)
[browser] THREE.WebGLShadowMap: PCFSoftShadowMap has been deprecated. Using PCFShadowMap instead. (file://C:/Users/amrit/mini projects/PlotKAre-temp/PLotKAre-temp1/webpage/.next/dev/static/chunks/node_modules_next_dist_115brz8._.js:2431:13)
[browser] THREE.WebGLShadowMap: PCFSoftShadowMap has been deprecated. Using PCFShadowMap instead. (file://C:/Users/amrit/mini projects/PlotKAre-temp/PLotKAre-temp1/webpage/.next/dev/static/chunks/node_modules_next_dist_115brz8._.js:2431:13)
[browser] THREE.WebGLShadowMap: PCFSoftShadowMap has been deprecated. Using PCFShadowMap instead. (file://C:/Users/amrit/mini projects/PlotKAre-temp/PLotKAre-temp1/webpage/.next/dev/static/chunks/node_modules_next_dist_115brz8._.js:2431:13)
[browser] THREE.WebGLShadowMap: PCFSoftShadowMap has been deprecated. Using PCFShadowMap instead. (file://C:/Users/amrit/mini projects/PlotKAre-temp/PLotKAre-temp1/webpage/.next/dev/static/chunks/node_modules_next_dist_115brz8._.js:2431:13)
[browser] THREE.WebGLShadowMap: PCFSoftShadowMap has been deprecated. Using PCFShadowMap instead. (file://C:/Users/amrit/mini projects/PlotKAre-temp/PLotKAre-temp1/webpage/.next/dev/static/chunks/node_modules_next_dist_115brz8._.js:2431:13)
[browser] THREE.WebGLShadowMap: PCFSoftShadowMap has been deprecated. Using PCFShadowMap instead. (file://C:/Users/amrit/mini projects/PlotKAre-temp/PLotKAre-temp1/webpage/.next/dev/static/chunks/node_modules_next_dist_115brz8._.js:2431:13)
[browser] THREE.WebGLShadowMap: PCFSoftShadowMap has been deprecated. Using PCFShadowMap instead. (file://C:/Users/amrit/mini projects/PlotKAre-temp/PLotKAre-temp1/webpage/.next/dev/static/chunks/node_modules_next_dist_115brz8._.js:2431:13)
[browser] THREE.WebGLShadowMap: PCFSoftShadowMap has been deprecated. Using PCFShadowMap instead. (file://C:/Users/amrit/mini projects/PlotKAre-temp/PLotKAre-temp1/webpage/.next/dev/static/chunks/node_modules_next_dist_115brz8._.js:2431:13)
[browser] THREE.WebGLShadowMap: PCFSoftShadowMap has been deprecated. Using PCFShadowMap instead. (file://C:/Users/amrit/mini projects/PlotKAre-temp/PLotKAre-temp1/webpage/.next/dev/static/chunks/node_modules_next_dist_115brz8._.js:2431:13)
[browser] THREE.WebGLShadowMap: PCFSoftShadowMap has been deprecated. Using PCFShadowMap instead. (file://C:/Users/amrit/mini projects/PlotKAre-temp/PLotKAre-temp1/webpage/.next/dev/static/chunks/node_modules_next_dist_115brz8._.js:2431:13)
[browser] THREE.WebGLShadowMap: PCFSoftShadowMap has been deprecated. Using PCFShadowMap instead. (file://C:/Users/amrit/mini projects/PlotKAre-temp/PLotKAre-temp1/webpage/.next/dev/static/chunks/node_modules_next_dist_115brz8._.js:2431:13)
[browser] THREE.WebGLShadowMap: PCFSoftShadowMap has been deprecated. Using PCFShadowMap instead. (file://C:/Users/amrit/mini projects/PlotKAre-temp/PLotKAre-temp1/webpage/.next/dev/static/chunks/node_modules_next_dist_115brz8._.js:2431:13)
[browser] THREE.WebGLShadowMap: PCFSoftShadowMap has been deprecated. Using PCFShadowMap instead. (file://C:/Users/amrit/mini projects/PlotKAre-temp/PLotKAre-temp1/webpage/.next/dev/static/chunks/node_modules_next_dist_115brz8._.js:2431:13)
[browser] THREE.WebGLShadowMap: PCFSoftShadowMap has been deprecated. Using PCFShadowMap instead. (file://C:/Users/amrit/mini projects/PlotKAre-temp/PLotKAre-temp1/webpage/.next/dev/static/chunks/node_modules_next_dist_115brz8._.js:2431:13)
[browser] THREE.WebGLShadowMap: PCFSoftShadowMap has been deprecated. Using PCFShadowMap instead. (file://C:/Users/amrit/mini projects/PlotKAre-temp/PLotKAre-temp1/webpage/.next/dev/static/chunks/node_modules_next_dist_115brz8._.js:2431:13)
[browser] THREE.WebGLShadowMap: PCFSoftShadowMap has been deprecated. Using PCFShadowMap instead. (file://C:/Users/amrit/mini projects/PlotKAre-temp/PLotKAre-temp1/webpage/.next/dev/static/chunks/node_modules_next_dist_115brz8._.js:2431:13)
[browser] THREE.WebGLShadowMap: PCFSoftShadowMap has been deprecated. Using PCFShadowMap instead. (file://C:/Users/amrit/mini projects/PlotKAre-temp/PLotKAre-temp1/webpage/.next/dev/static/chunks/node_modules_next_dist_115brz8._.js:2431:13)
[browser] THREE.WebGLShadowMap: PCFSoftShadowMap has been deprecated. Using PCFShadowMap instead. (file://C:/Users/amrit/mini projects/PlotKAre-temp/PLotKAre-temp1/webpage/.next/dev/static/chunks/node_modules_next_dist_115brz8._.js:2431:13)
[browser] THREE.WebGLShadowMap: PCFSoftShadowMap has been deprecated. Using PCFShadowMap instead. (file://C:/Users/amrit/mini projects/PlotKAre-temp/PLotKAre-temp1/webpage/.next/dev/static/chunks/node_modules_next_dist_115brz8._.js:2431:13)
[browser] THREE.WebGLShadowMap: PCFSoftShadowMap has been deprecated. Using PCFShadowMap instead. (file://C:/Users/amrit/mini projects/PlotKAre-temp/PLotKAre-temp1/webpage/.next/dev/static/chunks/node_modules_next_dist_115brz8._.js:2431:13)
[browser] THREE.WebGLShadowMap: PCFSoftShadowMap has been deprecated. Using PCFShadowMap instead. (file://C:/Users/amrit/mini projects/PlotKAre-temp/PLotKAre-temp1/webpage/.next/dev/static/chunks/node_modules_next_dist_115brz8._.js:2431:13)
[browser] THREE.WebGLShadowMap: PCFSoftShadowMap has been deprecated. Using PCFShadowMap instead. (file://C:/Users/amrit/mini projects/PlotKAre-temp/PLotKAre-temp1/webpage/.next/dev/static/chunks/node_modules_next_dist_115brz8._.js:2431:13)
[browser] THREE.WebGLShadowMap: PCFSoftShadowMap has been deprecated. Using PCFShadowMap instead. (file://C:/Users/amrit/mini projects/PlotKAre-temp/PLotKAre-temp1/webpage/.next/dev/static/chunks/node_modules_next_dist_115brz8._.js:2431:13)
[browser] THREE.WebGLShadowMap: PCFSoftShadowMap has been deprecated. Using PCFShadowMap instead. (file://C:/Users/amrit/mini projects/PlotKAre-temp/PLotKAre-temp1/webpage/.next/dev/static/chunks/node_modules_next_dist_115brz8._.js:2431:13)
[browser] THREE.WebGLShadowMap: PCFSoftShadowMap has been deprecated. Using PCFShadowMap instead. (file://C:/Users/amrit/mini projects/PlotKAre-temp/PLotKAre-temp1/webpage/.next/dev/static/chunks/node_modules_next_dist_115brz8._.js:2431:13)
[browser] THREE.WebGLShadowMap: PCFSoftShadowMap has been deprecated. Using PCFShadowMap instead. (file://C:/Users/amrit/mini projects/PlotKAre-temp/PLotKAre-temp1/webpage/.next/dev/static/chunks/node_modules_next_dist_115brz8._.js:2431:13)
[browser] THREE.WebGLShadowMap: PCFSoftShadowMap has been deprecated. Using PCFShadowMap instead. (file://C:/Users/amrit/mini projects/PlotKAre-temp/PLotKAre-temp1/webpage/.next/dev/static/chunks/node_modules_next_dist_115brz8._.js:2431:13)
[browser] A tree hydrated but some attributes of the server rendered HTML didn't match the client properties. This won't be patched up. This can happen if a SSR-ed Client Component used:

- A server/client branch `if (typeof window !== 'undefined')`.
- Variable input such as `Date.now()` or `Math.random()` which changes each time it's called.
- Date formatting in a user's locale which doesn't match the server.
- External changing data without sending a snapshot of it along with the HTML.
- Invalid HTML tag nesting.

It can also happen if the client has a browser extension installed which messes with the HTML before React loaded.

https://react.dev/link/hydration-mismatch

  ...
    <RedirectErrorBoundary router={{...}}>
      <InnerLayoutRouter url="/" tree={[...]} params={{}} cacheNode={{rsc:{...}, ...}} segmentPath={[...]} ...>
        <SegmentViewNode type="page" pagePath="page.tsx">
          <SegmentTrieNode>
          <HomePage>
            <main>
              <Navigation>
              <HeroSection>
              <TrustStrip>
              <ProblemSection>
              <ServicesSection>
              <PlotVisualizationSection>
              <HowItWorksSection>
              <LandUtilisationSection>
              <StatisticsSection>
              <AvailablePlotsShowcaseSection>
              <PricingSection>
              <MonitoringInsightsSection>
              <AwardsSection>
              <NewsroomSection>
              <ContactSection>
                <section id="contact" className="bg-seconda...">
                  <div className="mx-auto ma...">
                    <motion.div>
                    <motion.div initial={{opacity:0,y:16}} whileInView={{opacity:1,y:0}} viewport={{once:true}} ...>
                      <div className="mt-10 grid..." style={{opacity:0, ...}} ref={function useMotionRef.useCallback}>
                        <div>
                        <div>
                          <form onSubmit={function handleSubmit} className="space-y-5">
                            <div>
                            <div>
                              <label>
                              <input
                                type="email"
                                id="contact-email"
                                name="email"
                                required={true}
                                autoComplete="email"
                                className="w-full rounded-md border border-input bg-background px-3 py-2.5 font-sans t..."
                                placeholder="you@example.com"
-                               style={{background-image:"url(\"data...",background-repeat:"no-repeat",background-size:"20px", ...}}
-                               data-temp-mail-org="0"
                              >
                            ...
              ...
        ...
      ...
 
    at <unknown> (file://C:/Users/amrit/mini projects/PlotKAre-temp/PLotKAre-temp1/webpage/.next/dev/static/chunks/node_modules_next_dist_compiled_react-dom_058-ah~._.js:3439:25)
    at runWithFiberInDEV (file://C:/Users/amrit/mini projects/PlotKAre-temp/PLotKAre-temp1/webpage/.next/dev/static/chunks/node_modules_next_dist_compiled_react-dom_058-ah~._.js:965:74)
    at emitPendingHydrationWarnings (file://C:/Users/amrit/mini projects/PlotKAre-temp/PLotKAre-temp1/webpage/.next/dev/static/chunks/node_modules_next_dist_compiled_react-dom_058-ah~._.js:3438:13)
    at completeWork (file://C:/Users/amrit/mini projects/PlotKAre-temp/PLotKAre-temp1/webpage/.next/dev/static/chunks/node_modules_next_dist_compiled_react-dom_058-ah~._.js:6885:102)
    at runWithFiberInDEV (file://C:/Users/amrit/mini projects/PlotKAre-temp/PLotKAre-temp1/webpage/.next/dev/static/chunks/node_modules_next_dist_compiled_react-dom_058-ah~._.js:965:131)
    at completeUnitOfWork (file://C:/Users/amrit/mini projects/PlotKAre-temp/PLotKAre-temp1/webpage/.next/dev/static/chunks/node_modules_next_dist_compiled_react-dom_058-ah~._.js:9622:23)
    at performUnitOfWork (file://C:/Users/amrit/mini projects/PlotKAre-temp/PLotKAre-temp1/webpage/.next/dev/static/chunks/node_modules_next_dist_compiled_react-dom_058-ah~._.js:9557:28)
    at workLoopConcurrentByScheduler (file://C:/Users/amrit/mini projects/PlotKAre-temp/PLotKAre-temp1/webpage/.next/dev/static/chunks/node_modules_next_dist_compiled_react-dom_058-ah~._.js:9551:58)
    at renderRootConcurrent (file://C:/Users/amrit/mini projects/PlotKAre-temp/PLotKAre-temp1/webpage/.next/dev/static/chunks/node_modules_next_dist_compiled_react-dom_058-ah~._.js:9534:71)
    at performWorkOnRoot (file://C:/Users/amrit/mini projects/PlotKAre-temp/PLotKAre-temp1/webpage/.next/dev/static/chunks/node_modules_next_dist_compiled_react-dom_058-ah~._.js:9061:150)
    at performWorkOnRootViaSchedulerTask (file://C:/Users/amrit/mini projects/PlotKAre-temp/PLotKAre-temp1/webpage/.next/dev/static/chunks/node_modules_next_dist_compiled_react-dom_058-ah~._.js:10255:9)
    at MessagePort.performWorkUntilDeadline (file://C:/Users/amrit/mini projects/PlotKAre-temp/PLotKAre-temp1/webpage/.next/dev/static/chunks/node_modules_next_dist_compiled_0rpq4pf._.js:2647:64) (file://C:/Users/amrit/mini projects/PlotKAre-temp/PLotKAre-temp1/webpage/.next/dev/static/chunks/node_modules_next_dist_compiled_react-dom_058-ah~._.js:3439:25)
[browser] THREE.Clock: This module has been deprecated. Please use THREE.Timer instead. (file://C:/Users/amrit/mini projects/PlotKAre-temp/PLotKAre-temp1/webpage/.next/dev/static/chunks/node_modules_next_dist_115brz8._.js:2431:13)
[browser] THREE.WebGLShadowMap: PCFSoftShadowMap has been deprecated. Using PCFShadowMap instead. (file://C:/Users/amrit/mini projects/PlotKAre-temp/PLotKAre-temp1/webpage/.next/dev/static/chunks/node_modules_next_dist_115brz8._.js:2431:13)
[browser] A tree hydrated but some attributes of the server rendered HTML didn't match the client properties. This won't be patched up. This can happen if a SSR-ed Client Component used:

- A server/client branch `if (typeof window !== 'undefined')`.
- Variable input such as `Date.now()` or `Math.random()` which changes each time it's called.
- Date formatting in a user's locale which doesn't match the server.
- External changing data without sending a snapshot of it along with the HTML.
- Invalid HTML tag nesting.

It can also happen if the client has a browser extension installed which messes with the HTML before React loaded.

https://react.dev/link/hydration-mismatch

  ...
    <RedirectErrorBoundary router={{...}}>
      <InnerLayoutRouter url="/" tree={[...]} params={{}} cacheNode={{rsc:{...}, ...}} segmentPath={[...]} ...>
        <SegmentViewNode type="page" pagePath="page.tsx">
          <SegmentTrieNode>
          <HomePage>
            <main>
              <Navigation>
              <HeroSection>
              <TrustStrip>
              <ProblemSection>
              <ServicesSection>
              <PlotVisualizationSection>
              <HowItWorksSection>
              <LandUtilisationSection>
              <StatisticsSection>
              <AvailablePlotsShowcaseSection>
              <PricingSection>
              <MonitoringInsightsSection>
              <AwardsSection>
              <NewsroomSection>
              <ContactSection>
                <section id="contact" className="bg-seconda...">
                  <div className="mx-auto ma...">
                    <motion.div>
                    <motion.div initial={{opacity:0,y:16}} whileInView={{opacity:1,y:0}} viewport={{once:true}} ...>
                      <div className="mt-10 grid..." style={{opacity:0, ...}} ref={function useMotionRef.useCallback}>
                        <div>
                        <div>
                          <form onSubmit={function handleSubmit} className="space-y-5">
                            <div>
                            <div>
                              <label>
                              <input
                                type="email"
                                id="contact-email"
                                name="email"
                                required={true}
                                autoComplete="email"
                                className="w-full rounded-md border border-input bg-background px-3 py-2.5 font-sans t..."
                                placeholder="you@example.com"
-                               style={{background-image:"url(\"data...",background-repeat:"no-repeat",background-size:"20px", ...}}
-                               data-temp-mail-org="0"
                              >
                            ...
              ...
        ...
      ...
 
    at <unknown> (file://C:/Users/amrit/mini projects/PlotKAre-temp/PLotKAre-temp1/webpage/.next/dev/static/chunks/node_modules_next_dist_compiled_react-dom_058-ah~._.js:3439:25)
    at runWithFiberInDEV (file://C:/Users/amrit/mini projects/PlotKAre-temp/PLotKAre-temp1/webpage/.next/dev/static/chunks/node_modules_next_dist_compiled_react-dom_058-ah~._.js:965:74)
    at emitPendingHydrationWarnings (file://C:/Users/amrit/mini projects/PlotKAre-temp/PLotKAre-temp1/webpage/.next/dev/static/chunks/node_modules_next_dist_compiled_react-dom_058-ah~._.js:3438:13)
    at completeWork (file://C:/Users/amrit/mini projects/PlotKAre-temp/PLotKAre-temp1/webpage/.next/dev/static/chunks/node_modules_next_dist_compiled_react-dom_058-ah~._.js:6885:102)
    at runWithFiberInDEV (file://C:/Users/amrit/mini projects/PlotKAre-temp/PLotKAre-temp1/webpage/.next/dev/static/chunks/node_modules_next_dist_compiled_react-dom_058-ah~._.js:965:131)
    at completeUnitOfWork (file://C:/Users/amrit/mini projects/PlotKAre-temp/PLotKAre-temp1/webpage/.next/dev/static/chunks/node_modules_next_dist_compiled_react-dom_058-ah~._.js:9622:23)
    at performUnitOfWork (file://C:/Users/amrit/mini projects/PlotKAre-temp/PLotKAre-temp1/webpage/.next/dev/static/chunks/node_modules_next_dist_compiled_react-dom_058-ah~._.js:9557:28)
    at workLoopConcurrentByScheduler (file://C:/Users/amrit/mini projects/PlotKAre-temp/PLotKAre-temp1/webpage/.next/dev/static/chunks/node_modules_next_dist_compiled_react-dom_058-ah~._.js:9551:58)
    at renderRootConcurrent (file://C:/Users/amrit/mini projects/PlotKAre-temp/PLotKAre-temp1/webpage/.next/dev/static/chunks/node_modules_next_dist_compiled_react-dom_058-ah~._.js:9534:71)
    at performWorkOnRoot (file://C:/Users/amrit/mini projects/PlotKAre-temp/PLotKAre-temp1/webpage/.next/dev/static/chunks/node_modules_next_dist_compiled_react-dom_058-ah~._.js:9061:150)
    at performWorkOnRootViaSchedulerTask (file://C:/Users/amrit/mini projects/PlotKAre-temp/PLotKAre-temp1/webpage/.next/dev/static/chunks/node_modules_next_dist_compiled_react-dom_058-ah~._.js:10255:9)
    at MessagePort.performWorkUntilDeadline (file://C:/Users/amrit/mini projects/PlotKAre-temp/PLotKAre-temp1/webpage/.next/dev/static/chunks/node_modules_next_dist_compiled_0rpq4pf._.js:2647:64) (file://C:/Users/amrit/mini projects/PlotKAre-temp/PLotKAre-temp1/webpage/.next/dev/static/chunks/node_modules_next_dist_compiled_react-dom_058-ah~._.js:3439:25)
[browser] THREE.Clock: This module has been deprecated. Please use THREE.Timer instead. (file://C:/Users/amrit/mini projects/PlotKAre-temp/PLotKAre-temp1/webpage/.next/dev/static/chunks/node_modules_next_dist_115brz8._.js:2431:13)
[browser] THREE.WebGLShadowMap: PCFSoftShadowMap has been deprecated. Using PCFShadowMap instead. (file://C:/Users/amrit/mini projects/PlotKAre-temp/PLotKAre-temp1/webpage/.next/dev/static/chunks/node_modules_next_dist_115brz8._.js:2431:13)
[browser] A tree hydrated but some attributes of the server rendered HTML didn't match the client properties. This won't be patched up. This can happen if a SSR-ed Client Component used:

- A server/client branch `if (typeof window !== 'undefined')`.
- Variable input such as `Date.now()` or `Math.random()` which changes each time it's called.
- Date formatting in a user's locale which doesn't match the server.
- External changing data without sending a snapshot of it along with the HTML.
- Invalid HTML tag nesting.

It can also happen if the client has a browser extension installed which messes with the HTML before React loaded.

https://react.dev/link/hydration-mismatch

  ...
    <RedirectErrorBoundary router={{...}}>
      <InnerLayoutRouter url="/" tree={[...]} params={{}} cacheNode={{rsc:{...}, ...}} segmentPath={[...]} ...>
        <SegmentViewNode type="page" pagePath="page.tsx">
          <SegmentTrieNode>
          <HomePage>
            <main>
              <Navigation>
              <HeroSection>
              <TrustStrip>
              <ProblemSection>
              <ServicesSection>
              <PlotVisualizationSection>
              <HowItWorksSection>
              <LandUtilisationSection>
              <StatisticsSection>
              <AvailablePlotsShowcaseSection>
              <PricingSection>
              <MonitoringInsightsSection>
              <AwardsSection>
              <NewsroomSection>
              <ContactSection>
                <section id="contact" className="bg-seconda...">
                  <div className="mx-auto ma...">
                    <motion.div>
                    <motion.div initial={{opacity:0,y:16}} whileInView={{opacity:1,y:0}} viewport={{once:true}} ...>
                      <div className="mt-10 grid..." style={{opacity:0, ...}} ref={function useMotionRef.useCallback}>
                        <div>
                        <div>
                          <form onSubmit={function handleSubmit} className="space-y-5">
                            <div>
                            <div>
                              <label>
                              <input
                                type="email"
                                id="contact-email"
                                name="email"
                                required={true}
                                autoComplete="email"
                                className="w-full rounded-md border border-input bg-background px-3 py-2.5 font-sans t..."
                                placeholder="you@example.com"
-                               style={{background-image:"url(\"data...",background-repeat:"no-repeat",background-size:"20px", ...}}
-                               data-temp-mail-org="0"
                              >
                            ...
              ...
        ...
      ...
 
    at <unknown> (file://C:/Users/amrit/mini projects/PlotKAre-temp/PLotKAre-temp1/webpage/.next/dev/static/chunks/node_modules_next_dist_compiled_react-dom_058-ah~._.js:3439:25)
    at runWithFiberInDEV (file://C:/Users/amrit/mini projects/PlotKAre-temp/PLotKAre-temp1/webpage/.next/dev/static/chunks/node_modules_next_dist_compiled_react-dom_058-ah~._.js:965:74)
    at emitPendingHydrationWarnings (file://C:/Users/amrit/mini projects/PlotKAre-temp/PLotKAre-temp1/webpage/.next/dev/static/chunks/node_modules_next_dist_compiled_react-dom_058-ah~._.js:3438:13)
    at completeWork (file://C:/Users/amrit/mini projects/PlotKAre-temp/PLotKAre-temp1/webpage/.next/dev/static/chunks/node_modules_next_dist_compiled_react-dom_058-ah~._.js:6885:102)
    at runWithFiberInDEV (file://C:/Users/amrit/mini projects/PlotKAre-temp/PLotKAre-temp1/webpage/.next/dev/static/chunks/node_modules_next_dist_compiled_react-dom_058-ah~._.js:965:131)
    at completeUnitOfWork (file://C:/Users/amrit/mini projects/PlotKAre-temp/PLotKAre-temp1/webpage/.next/dev/static/chunks/node_modules_next_dist_compiled_react-dom_058-ah~._.js:9622:23)
    at performUnitOfWork (file://C:/Users/amrit/mini projects/PlotKAre-temp/PLotKAre-temp1/webpage/.next/dev/static/chunks/node_modules_next_dist_compiled_react-dom_058-ah~._.js:9557:28)
    at workLoopConcurrentByScheduler (file://C:/Users/amrit/mini projects/PlotKAre-temp/PLotKAre-temp1/webpage/.next/dev/static/chunks/node_modules_next_dist_compiled_react-dom_058-ah~._.js:9551:58)
    at renderRootConcurrent (file://C:/Users/amrit/mini projects/PlotKAre-temp/PLotKAre-temp1/webpage/.next/dev/static/chunks/node_modules_next_dist_compiled_react-dom_058-ah~._.js:9534:71)
    at performWorkOnRoot (file://C:/Users/amrit/mini projects/PlotKAre-temp/PLotKAre-temp1/webpage/.next/dev/static/chunks/node_modules_next_dist_compiled_react-dom_058-ah~._.js:9061:150)
    at performWorkOnRootViaSchedulerTask (file://C:/Users/amrit/mini projects/PlotKAre-temp/PLotKAre-temp1/webpage/.next/dev/static/chunks/node_modules_next_dist_compiled_react-dom_058-ah~._.js:10255:9)
    at MessagePort.performWorkUntilDeadline (file://C:/Users/amrit/mini projects/PlotKAre-temp/PLotKAre-temp1/webpage/.next/dev/static/chunks/node_modules_next_dist_compiled_0rpq4pf._.js:2647:64) (file://C:/Users/amrit/mini projects/PlotKAre-temp/PLotKAre-temp1/webpage/.next/dev/static/chunks/node_modules_next_dist_compiled_react-dom_058-ah~._.js:3439:25)
[browser] THREE.Clock: This module has been deprecated. Please use THREE.Timer instead. (file://C:/Users/amrit/mini projects/PlotKAre-temp/PLotKAre-temp1/webpage/.next/dev/static/chunks/node_modules_next_dist_115brz8._.js:2431:13)
[browser] THREE.WebGLShadowMap: PCFSoftShadowMap has been deprecated. Using PCFShadowMap instead. (file://C:/Users/amrit/mini projects/PlotKAre-temp/PLotKAre-temp1/webpage/.next/dev/static/chunks/node_modules_next_dist_115brz8._.js:2431:13)
[browser] THREE.WebGLShadowMap: PCFSoftShadowMap has been deprecated. Using PCFShadowMap instead. (file://C:/Users/amrit/mini projects/PlotKAre-temp/PLotKAre-temp1/webpage/.next/dev/static/chunks/node_modules_next_dist_115brz8._.js:2431:13)
[browser] THREE.WebGLShadowMap: PCFSoftShadowMap has been deprecated. Using PCFShadowMap instead. (file://C:/Users/amrit/mini projects/PlotKAre-temp/PLotKAre-temp1/webpage/.next/dev/static/chunks/node_modules_next_dist_115brz8._.js:2431:13)
[browser] THREE.WebGLShadowMap: PCFSoftShadowMap has been deprecated. Using PCFShadowMap instead. (file://C:/Users/amrit/mini projects/PlotKAre-temp/PLotKAre-temp1/webpage/.next/dev/static/chunks/node_modules_next_dist_115brz8._.js:2431:13)
[browser] THREE.WebGLShadowMap: PCFSoftShadowMap has been deprecated. Using PCFShadowMap instead. (file://C:/Users/amrit/mini projects/PlotKAre-temp/PLotKAre-temp1/webpage/.next/dev/static/chunks/node_modules_next_dist_115brz8._.js:2431:13)
[browser] THREE.WebGLShadowMap: PCFSoftShadowMap has been deprecated. Using PCFShadowMap instead. (file://C:/Users/amrit/mini projects/PlotKAre-temp/PLotKAre-temp1/webpage/.next/dev/static/chunks/node_modules_next_dist_115brz8._.js:2431:13)
[browser] THREE.Clock: This module has been deprecated. Please use THREE.Timer instead. (file://C:/Users/amrit/mini projects/PlotKAre-temp/PLotKAre-temp1/webpage/.next/dev/static/chunks/node_modules_next_dist_115brz8._.js:2431:13)
[browser] THREE.WebGLShadowMap: PCFSoftShadowMap has been deprecated. Using PCFShadowMap instead. (file://C:/Users/amrit/mini projects/PlotKAre-temp/PLotKAre-temp1/webpage/.next/dev/static/chunks/node_modules_next_dist_115brz8._.js:2431:13)
[browser] THREE.WebGLShadowMap: PCFSoftShadowMap has been deprecated. Using PCFShadowMap instead. (file://C:/Users/amrit/mini projects/PlotKAre-temp/PLotKAre-temp1/webpage/.next/dev/static/chunks/node_modules_next_dist_115brz8._.js:2431:13)
[browser] THREE.WebGLShadowMap: PCFSoftShadowMap has been deprecated. Using PCFShadowMap instead. (file://C:/Users/amrit/mini projects/PlotKAre-temp/PLotKAre-temp1/webpage/.next/dev/static/chunks/node_modules_next_dist_115brz8._.js:2431:13)
[browser] THREE.WebGLShadowMap: PCFSoftShadowMap has been deprecated. Using PCFShadowMap instead. (file://C:/Users/amrit/mini projects/PlotKAre-temp/PLotKAre-temp1/webpage/.next/dev/static/chunks/node_modules_next_dist_115brz8._.js:2431:13)
[browser] THREE.WebGLShadowMap: PCFSoftShadowMap has been deprecated. Using PCFShadowMap instead. (file://C:/Users/amrit/mini projects/PlotKAre-temp/PLotKAre-temp1/webpage/.next/dev/static/chunks/node_modules_next_dist_115brz8._.js:2431:13)
[browser] THREE.WebGLShadowMap: PCFSoftShadowMap has been deprecated. Using PCFShadowMap instead. (file://C:/Users/amrit/mini projects/PlotKAre-temp/PLotKAre-temp1/webpage/.next/dev/static/chunks/node_modules_next_dist_115brz8._.js:2431:13)
[browser] THREE.WebGLShadowMap: PCFSoftShadowMap has been deprecated. Using PCFShadowMap instead. (file://C:/Users/amrit/mini projects/PlotKAre-temp/PLotKAre-temp1/webpage/.next/dev/static/chunks/node_modules_next_dist_115brz8._.js:2431:13)
[browser] THREE.WebGLShadowMap: PCFSoftShadowMap has been deprecated. Using PCFShadowMap instead. (file://C:/Users/amrit/mini projects/PlotKAre-temp/PLotKAre-temp1/webpage/.next/dev/static/chunks/node_modules_next_dist_115brz8._.js:2431:13)
[browser] THREE.WebGLShadowMap: PCFSoftShadowMap has been deprecated. Using PCFShadowMap instead. (file://C:/Users/amrit/mini projects/PlotKAre-temp/PLotKAre-temp1/webpage/.next/dev/static/chunks/node_modules_next_dist_115brz8._.js:2431:13)
[browser] THREE.WebGLShadowMap: PCFSoftShadowMap has been deprecated. Using PCFShadowMap instead. (file://C:/Users/amrit/mini projects/PlotKAre-temp/PLotKAre-temp1/webpage/.next/dev/static/chunks/node_modules_next_dist_115brz8._.js:2431:13)
[browser] THREE.WebGLShadowMap: PCFSoftShadowMap has been deprecated. Using PCFShadowMap instead. (file://C:/Users/amrit/mini projects/PlotKAre-temp/PLotKAre-temp1/webpage/.next/dev/static/chunks/node_modules_next_dist_115brz8._.js:2431:13)
[browser] THREE.Clock: This module has been deprecated. Please use THREE.Timer instead. (file://C:/Users/amrit/mini projects/PlotKAre-temp/PLotKAre-temp1/webpage/.next/dev/static/chunks/node_modules_next_dist_115brz8._.js:2431:13)
[browser] THREE.WebGLShadowMap: PCFSoftShadowMap has been deprecated. Using PCFShadowMap instead. (file://C:/Users/amrit/mini projects/PlotKAre-temp/PLotKAre-temp1/webpage/.next/dev/static/chunks/node_modules_next_dist_115brz8._.js:2431:13)
[browser] THREE.WebGLShadowMap: PCFSoftShadowMap has been deprecated. Using PCFShadowMap instead. (file://C:/Users/amrit/mini projects/PlotKAre-temp/PLotKAre-temp1/webpage/.next/dev/static/chunks/node_modules_next_dist_115brz8._.js:2431:13)
[browser] THREE.WebGLShadowMap: PCFSoftShadowMap has been deprecated. Using PCFShadowMap instead. (file://C:/Users/amrit/mini projects/PlotKAre-temp/PLotKAre-temp1/webpage/.next/dev/static/chunks/node_modules_next_dist_115brz8._.js:2431:13)
[browser] THREE.WebGLShadowMap: PCFSoftShadowMap has been deprecated. Using PCFShadowMap instead. (file://C:/Users/amrit/mini projects/PlotKAre-temp/PLotKAre-temp1/webpage/.next/dev/static/chunks/node_modules_next_dist_115brz8._.js:2431:13)
[browser] THREE.WebGLShadowMap: PCFSoftShadowMap has been deprecated. Using PCFShadowMap instead. (file://C:/Users/amrit/mini projects/PlotKAre-temp/PLotKAre-temp1/webpage/.next/dev/static/chunks/node_modules_next_dist_115brz8._.js:2431:13)
[browser] THREE.WebGLShadowMap: PCFSoftShadowMap has been deprecated. Using PCFShadowMap instead. (file://C:/Users/amrit/mini projects/PlotKAre-temp/PLotKAre-temp1/webpage/.next/dev/static/chunks/node_modules_next_dist_115brz8._.js:2431:13)
[browser] THREE.WebGLShadowMap: PCFSoftShadowMap has been deprecated. Using PCFShadowMap instead. (file://C:/Users/amrit/mini projects/PlotKAre-temp/PLotKAre-temp1/webpage/.next/dev/static/chunks/node_modules_next_dist_115brz8._.js:2431:13)
[browser] THREE.WebGLShadowMap: PCFSoftShadowMap has been deprecated. Using PCFShadowMap instead. (file://C:/Users/amrit/mini projects/PlotKAre-temp/PLotKAre-temp1/webpage/.next/dev/static/chunks/node_modules_next_dist_115brz8._.js:2431:13)
[browser] THREE.WebGLShadowMap: PCFSoftShadowMap has been deprecated. Using PCFShadowMap instead. (file://C:/Users/amrit/mini projects/PlotKAre-temp/PLotKAre-temp1/webpage/.next/dev/static/chunks/node_modules_next_dist_115brz8._.js:2431:13)
[browser] THREE.WebGLShadowMap: PCFSoftShadowMap has been deprecated. Using PCFShadowMap instead. (file://C:/Users/amrit/mini projects/PlotKAre-temp/PLotKAre-temp1/webpage/.next/dev/static/chunks/node_modules_next_dist_115brz8._.js:2431:13)
[browser] THREE.WebGLShadowMap: PCFSoftShadowMap has been deprecated. Using PCFShadowMap instead. (file://C:/Users/amrit/mini projects/PlotKAre-temp/PLotKAre-temp1/webpage/.next/dev/static/chunks/node_modules_next_dist_115brz8._.js:2431:13)
[browser] THREE.WebGLShadowMap: PCFSoftShadowMap has been deprecated. Using PCFShadowMap instead. (file://C:/Users/amrit/mini projects/PlotKAre-temp/PLotKAre-temp1/webpage/.next/dev/static/chunks/node_modules_next_dist_115brz8._.js:2431:13)
[browser] THREE.WebGLShadowMap: PCFSoftShadowMap has been deprecated. Using PCFShadowMap instead. (file://C:/Users/amrit/mini projects/PlotKAre-temp/PLotKAre-temp1/webpage/.next/dev/static/chunks/node_modules_next_dist_115brz8._.js:2431:13)
[browser] THREE.WebGLShadowMap: PCFSoftShadowMap has been deprecated. Using PCFShadowMap instead. (file://C:/Users/amrit/mini projects/PlotKAre-temp/PLotKAre-temp1/webpage/.next/dev/static/chunks/node_modules_next_dist_115brz8._.js:2431:13)
[browser] THREE.WebGLShadowMap: PCFSoftShadowMap has been deprecated. Using PCFShadowMap instead. (file://C:/Users/amrit/mini projects/PlotKAre-temp/PLotKAre-temp1/webpage/.next/dev/static/chunks/node_modules_next_dist_115brz8._.js:2431:13)
[browser] THREE.WebGLShadowMap: PCFSoftShadowMap has been deprecated. Using PCFShadowMap instead. (file://C:/Users/amrit/mini projects/PlotKAre-temp/PLotKAre-temp1/webpage/.next/dev/static/chunks/node_modules_next_dist_115brz8._.js:2431:13)
[browser] THREE.WebGLShadowMap: PCFSoftShadowMap has been deprecated. Using PCFShadowMap instead. (file://C:/Users/amrit/mini projects/PlotKAre-temp/PLotKAre-temp1/webpage/.next/dev/static/chunks/node_modules_next_dist_115brz8._.js:2431:13)
[browser] THREE.WebGLShadowMap: PCFSoftShadowMap has been deprecated. Using PCFShadowMap instead. (file://C:/Users/amrit/mini projects/PlotKAre-temp/PLotKAre-temp1/webpage/.next/dev/static/chunks/node_modules_next_dist_115brz8._.js:2431:13)
[browser] THREE.WebGLShadowMap: PCFSoftShadowMap has been deprecated. Using PCFShadowMap instead. (file://C:/Users/amrit/mini projects/PlotKAre-temp/PLotKAre-temp1/webpage/.next/dev/static/chunks/node_modules_next_dist_115brz8._.js:2431:13)
[browser] THREE.WebGLShadowMap: PCFSoftShadowMap has been deprecated. Using PCFShadowMap instead. (file://C:/Users/amrit/mini projects/PlotKAre-temp/PLotKAre-temp1/webpage/.next/dev/static/chunks/node_modules_next_dist_115brz8._.js:2431:13)
[browser] THREE.WebGLShadowMap: PCFSoftShadowMap has been deprecated. Using PCFShadowMap instead. (file://C:/Users/amrit/mini projects/PlotKAre-temp/PLotKAre-temp1/webpage/.next/dev/static/chunks/node_modules_next_dist_115brz8._.js:2431:13)
[browser] THREE.WebGLShadowMap: PCFSoftShadowMap has been deprecated. Using PCFShadowMap instead. (file://C:/Users/amrit/mini projects/PlotKAre-temp/PLotKAre-temp1/webpage/.next/dev/static/chunks/node_modules_next_dist_115brz8._.js:2431:13)
[browser] THREE.WebGLShadowMap: PCFSoftShadowMap has been deprecated. Using PCFShadowMap instead. (file://C:/Users/amrit/mini projects/PlotKAre-temp/PLotKAre-temp1/webpage/.next/dev/static/chunks/node_modules_next_dist_115brz8._.js:2431:13)
[browser] THREE.WebGLShadowMap: PCFSoftShadowMap has been deprecated. Using PCFShadowMap instead. (file://C:/Users/amrit/mini projects/PlotKAre-temp/PLotKAre-temp1/webpage/.next/dev/static/chunks/node_modules_next_dist_115brz8._.js:2431:13)
[browser] THREE.WebGLShadowMap: PCFSoftShadowMap has been deprecated. Using PCFShadowMap instead. (file://C:/Users/amrit/mini projects/PlotKAre-temp/PLotKAre-temp1/webpage/.next/dev/static/chunks/node_modules_next_dist_115brz8._.js:2431:13)
[browser] THREE.WebGLShadowMap: PCFSoftShadowMap has been deprecated. Using PCFShadowMap instead. (file://C:/Users/amrit/mini projects/PlotKAre-temp/PLotKAre-temp1/webpage/.next/dev/static/chunks/node_modules_next_dist_115brz8._.js:2431:13)
[browser] THREE.WebGLShadowMap: PCFSoftShadowMap has been deprecated. Using PCFShadowMap instead. (file://C:/Users/amrit/mini projects/PlotKAre-temp/PLotKAre-temp1/webpage/.next/dev/static/chunks/node_modules_next_dist_115brz8._.js:2431:13)
[browser] THREE.WebGLShadowMap: PCFSoftShadowMap has been deprecated. Using PCFShadowMap instead. (file://C:/Users/amrit/mini projects/PlotKAre-temp/PLotKAre-temp1/webpage/.next/dev/static/chunks/node_modules_next_dist_115brz8._.js:2431:13)
[browser] THREE.WebGLShadowMap: PCFSoftShadowMap has been deprecated. Using PCFShadowMap instead. (file://C:/Users/amrit/mini projects/PlotKAre-temp/PLotKAre-temp1/webpage/.next/dev/static/chunks/node_modules_next_dist_115brz8._.js:2431:13)
[browser] THREE.WebGLShadowMap: PCFSoftShadowMap has been deprecated. Using PCFShadowMap instead. (file://C:/Users/amrit/mini projects/PlotKAre-temp/PLotKAre-temp1/webpage/.next/dev/static/chunks/node_modules_next_dist_115brz8._.js:2431:13)
[browser] THREE.WebGLShadowMap: PCFSoftShadowMap has been deprecated. Using PCFShadowMap instead. (file://C:/Users/amrit/mini projects/PlotKAre-temp/PLotKAre-temp1/webpage/.next/dev/static/chunks/node_modules_next_dist_115brz8._.js:2431:13)
[browser] THREE.WebGLShadowMap: PCFSoftShadowMap has been deprecated. Using PCFShadowMap instead. (file://C:/Users/amrit/mini projects/PlotKAre-temp/PLotKAre-temp1/webpage/.next/dev/static/chunks/node_modules_next_dist_115brz8._.js:2431:13)
[browser] THREE.WebGLShadowMap: PCFSoftShadowMap has been deprecated. Using PCFShadowMap instead. (file://C:/Users/amrit/mini projects/PlotKAre-temp/PLotKAre-temp1/webpage/.next/dev/static/chunks/node_modules_next_dist_115brz8._.js:2431:13)
[browser] THREE.WebGLShadowMap: PCFSoftShadowMap has been deprecated. Using PCFShadowMap instead. (file://C:/Users/amrit/mini projects/PlotKAre-temp/PLotKAre-temp1/webpage/.next/dev/static/chunks/node_modules_next_dist_115brz8._.js:2431:13)
[browser] THREE.WebGLShadowMap: PCFSoftShadowMap has been deprecated. Using PCFShadowMap instead. (file://C:/Users/amrit/mini projects/PlotKAre-temp/PLotKAre-temp1/webpage/.next/dev/static/chunks/node_modules_next_dist_115brz8._.js:2431:13)
[browser] THREE.WebGLShadowMap: PCFSoftShadowMap has been deprecated. Using PCFShadowMap instead. (file://C:/Users/amrit/mini projects/PlotKAre-temp/PLotKAre-temp1/webpage/.next/dev/static/chunks/node_modules_next_dist_115brz8._.js:2431:13)
[browser] THREE.WebGLShadowMap: PCFSoftShadowMap has been deprecated. Using PCFShadowMap instead. (file://C:/Users/amrit/mini projects/PlotKAre-temp/PLotKAre-temp1/webpage/.next/dev/static/chunks/node_modules_next_dist_115brz8._.js:2431:13)
[browser] THREE.WebGLShadowMap: PCFSoftShadowMap has been deprecated. Using PCFShadowMap instead. (file://C:/Users/amrit/mini projects/PlotKAre-temp/PLotKAre-temp1/webpage/.next/dev/static/chunks/node_modules_next_dist_115brz8._.js:2431:13)
[browser] THREE.WebGLShadowMap: PCFSoftShadowMap has been deprecated. Using PCFShadowMap instead. (file://C:/Users/amrit/mini projects/PlotKAre-temp/PLotKAre-temp1/webpage/.next/dev/static/chunks/node_modules_next_dist_115brz8._.js:2431:13)
[browser] THREE.WebGLShadowMap: PCFSoftShadowMap has been deprecated. Using PCFShadowMap instead. (file://C:/Users/amrit/mini projects/PlotKAre-temp/PLotKAre-temp1/webpage/.next/dev/static/chunks/node_modules_next_dist_115brz8._.js:2431:13)
[browser] THREE.WebGLShadowMap: PCFSoftShadowMap has been deprecated. Using PCFShadowMap instead. (file://C:/Users/amrit/mini projects/PlotKAre-temp/PLotKAre-temp1/webpage/.next/dev/static/chunks/node_modules_next_dist_115brz8._.js:2431:13)
[browser] THREE.WebGLShadowMap: PCFSoftShadowMap has been deprecated. Using PCFShadowMap instead. (file://C:/Users/amrit/mini projects/PlotKAre-temp/PLotKAre-temp1/webpage/.next/dev/static/chunks/node_modules_next_dist_115brz8._.js:2431:13)
[browser] THREE.WebGLShadowMap: PCFSoftShadowMap has been deprecated. Using PCFShadowMap instead. (file://C:/Users/amrit/mini projects/PlotKAre-temp/PLotKAre-temp1/webpage/.next/dev/static/chunks/node_modules_next_dist_115brz8._.js:2431:13)
[browser] THREE.Clock: This module has been deprecated. Please use THREE.Timer instead. (file://C:/Users/amrit/mini projects/PlotKAre-temp/PLotKAre-temp1/webpage/.next/dev/static/chunks/node_modules_next_dist_115brz8._.js:2431:13)
[browser] THREE.WebGLShadowMap: PCFSoftShadowMap has been deprecated. Using PCFShadowMap instead. (file://C:/Users/amrit/mini projects/PlotKAre-temp/PLotKAre-temp1/webpage/.next/dev/static/chunks/node_modules_next_dist_115brz8._.js:2431:13)
[browser] THREE.WebGLShadowMap: PCFSoftShadowMap has been deprecated. Using PCFShadowMap instead. (file://C:/Users/amrit/mini projects/PlotKAre-temp/PLotKAre-temp1/webpage/.next/dev/static/chunks/node_modules_next_dist_115brz8._.js:2431:13)
[browser] THREE.WebGLShadowMap: PCFSoftShadowMap has been deprecated. Using PCFShadowMap instead. (file://C:/Users/amrit/mini projects/PlotKAre-temp/PLotKAre-temp1/webpage/.next/dev/static/chunks/node_modules_next_dist_115brz8._.js:2431:13)
[browser] THREE.WebGLShadowMap: PCFSoftShadowMap has been deprecated. Using PCFShadowMap instead. (file://C:/Users/amrit/mini projects/PlotKAre-temp/PLotKAre-temp1/webpage/.next/dev/static/chunks/node_modules_next_dist_115brz8._.js:2431:13)
[browser] THREE.WebGLShadowMap: PCFSoftShadowMap has been deprecated. Using PCFShadowMap instead. (file://C:/Users/amrit/mini projects/PlotKAre-temp/PLotKAre-temp1/webpage/.next/dev/static/chunks/node_modules_next_dist_115brz8._.js:2431:13)
[browser] THREE.WebGLShadowMap: PCFSoftShadowMap has been deprecated. Using PCFShadowMap instead. (file://C:/Users/amrit/mini projects/PlotKAre-temp/PLotKAre-temp1/webpage/.next/dev/static/chunks/node_modules_next_dist_115brz8._.js:2431:13)
[browser] THREE.WebGLShadowMap: PCFSoftShadowMap has been deprecated. Using PCFShadowMap instead. (file://C:/Users/amrit/mini projects/PlotKAre-temp/PLotKAre-temp1/webpage/.next/dev/static/chunks/node_modules_next_dist_115brz8._.js:2431:13)
[browser] THREE.WebGLShadowMap: PCFSoftShadowMap has been deprecated. Using PCFShadowMap instead. (file://C:/Users/amrit/mini projects/PlotKAre-temp/PLotKAre-temp1/webpage/.next/dev/static/chunks/node_modules_next_dist_115brz8._.js:2431:13)
[browser] THREE.WebGLShadowMap: PCFSoftShadowMap has been deprecated. Using PCFShadowMap instead. (file://C:/Users/amrit/mini projects/PlotKAre-temp/PLotKAre-temp1/webpage/.next/dev/static/chunks/node_modules_next_dist_115brz8._.js:2431:13)
[browser] THREE.WebGLShadowMap: PCFSoftShadowMap has been deprecated. Using PCFShadowMap instead. (file://C:/Users/amrit/mini projects/PlotKAre-temp/PLotKAre-temp1/webpage/.next/dev/static/chunks/node_modules_next_dist_115brz8._.js:2431:13)
[browser] THREE.WebGLShadowMap: PCFSoftShadowMap has been deprecated. Using PCFShadowMap instead. (file://C:/Users/amrit/mini projects/PlotKAre-temp/PLotKAre-temp1/webpage/.next/dev/static/chunks/node_modules_next_dist_115brz8._.js:2431:13)
[browser] THREE.WebGLShadowMap: PCFSoftShadowMap has been deprecated. Using PCFShadowMap instead. (file://C:/Users/amrit/mini projects/PlotKAre-temp/PLotKAre-temp1/webpage/.next/dev/static/chunks/node_modules_next_dist_115brz8._.js:2431:13)
[browser] THREE.WebGLShadowMap: PCFSoftShadowMap has been deprecated. Using PCFShadowMap instead. (file://C:/Users/amrit/mini projects/PlotKAre-temp/PLotKAre-temp1/webpage/.next/dev/static/chunks/node_modules_next_dist_115brz8._.js:2431:13)
[browser] THREE.WebGLShadowMap: PCFSoftShadowMap has been deprecated. Using PCFShadowMap instead. (file://C:/Users/amrit/mini projects/PlotKAre-temp/PLotKAre-temp1/webpage/.next/dev/static/chunks/node_modules_next_dist_115brz8._.js:2431:13)
[browser] THREE.WebGLShadowMap: PCFSoftShadowMap has been deprecated. Using PCFShadowMap instead. (file://C:/Users/amrit/mini projects/PlotKAre-temp/PLotKAre-temp1/webpage/.next/dev/static/chunks/node_modules_next_dist_115brz8._.js:2431:13)
[browser] THREE.WebGLShadowMap: PCFSoftShadowMap has been deprecated. Using PCFShadowMap instead. (file://C:/Users/amrit/mini projects/PlotKAre-temp/PLotKAre-temp1/webpage/.next/dev/static/chunks/node_modules_next_dist_115brz8._.js:2431:13)
[browser] THREE.WebGLShadowMap: PCFSoftShadowMap has been deprecated. Using PCFShadowMap instead. (file://C:/Users/amrit/mini projects/PlotKAre-temp/PLotKAre-temp1/webpage/.next/dev/static/chunks/node_modules_next_dist_115brz8._.js:2431:13)
[browser] THREE.WebGLShadowMap: PCFSoftShadowMap has been deprecated. Using PCFShadowMap instead. (file://C:/Users/amrit/mini projects/PlotKAre-temp/PLotKAre-temp1/webpage/.next/dev/static/chunks/node_modules_next_dist_115brz8._.js:2431:13)
[browser] THREE.WebGLShadowMap: PCFSoftShadowMap has been deprecated. Using PCFShadowMap instead. (file://C:/Users/amrit/mini projects/PlotKAre-temp/PLotKAre-temp1/webpage/.next/dev/static/chunks/node_modules_next_dist_115brz8._.js:2431:13)
[browser] THREE.WebGLShadowMap: PCFSoftShadowMap has been deprecated. Using PCFShadowMap instead. (file://C:/Users/amrit/mini projects/PlotKAre-temp/PLotKAre-temp1/webpage/.next/dev/static/chunks/node_modules_next_dist_115brz8._.js:2431:13)
[browser] THREE.WebGLShadowMap: PCFSoftShadowMap has been deprecated. Using PCFShadowMap instead. (file://C:/Users/amrit/mini projects/PlotKAre-temp/PLotKAre-temp1/webpage/.next/dev/static/chunks/node_modules_next_dist_115brz8._.js:2431:13)
[browser] THREE.WebGLShadowMap: PCFSoftShadowMap has been deprecated. Using PCFShadowMap instead. (file://C:/Users/amrit/mini projects/PlotKAre-temp/PLotKAre-temp1/webpage/.next/dev/static/chunks/node_modules_next_dist_115brz8._.js:2431:13)
[browser] THREE.WebGLShadowMap: PCFSoftShadowMap has been deprecated. Using PCFShadowMap instead. (file://C:/Users/amrit/mini projects/PlotKAre-temp/PLotKAre-temp1/webpage/.next/dev/static/chunks/node_modules_next_dist_115brz8._.js:2431:13)
[browser] THREE.WebGLShadowMap: PCFSoftShadowMap has been deprecated. Using PCFShadowMap instead. (file://C:/Users/amrit/mini projects/PlotKAre-temp/PLotKAre-temp1/webpage/.next/dev/static/chunks/node_modules_next_dist_115brz8._.js:2431:13)
[browser] THREE.WebGLShadowMap: PCFSoftShadowMap has been deprecated. Using PCFShadowMap instead. (file://C:/Users/amrit/mini projects/PlotKAre-temp/PLotKAre-temp1/webpage/.next/dev/static/chunks/node_modules_next_dist_115brz8._.js:2431:13)
[browser] THREE.WebGLShadowMap: PCFSoftShadowMap has been deprecated. Using PCFShadowMap instead. (file://C:/Users/amrit/mini projects/PlotKAre-temp/PLotKAre-temp1/webpage/.next/dev/static/chunks/node_modules_next_dist_115brz8._.js:2431:13)
[browser] THREE.WebGLShadowMap: PCFSoftShadowMap has been deprecated. Using PCFShadowMap instead. (file://C:/Users/amrit/mini projects/PlotKAre-temp/PLotKAre-temp1/webpage/.next/dev/static/chunks/node_modules_next_dist_115brz8._.js:2431:13)
[browser] THREE.WebGLShadowMap: PCFSoftShadowMap has been deprecated. Using PCFShadowMap instead. (file://C:/Users/amrit/mini projects/PlotKAre-temp/PLotKAre-temp1/webpage/.next/dev/static/chunks/node_modules_next_dist_115brz8._.js:2431:13)
[browser] THREE.WebGLShadowMap: PCFSoftShadowMap has been deprecated. Using PCFShadowMap instead. (file://C:/Users/amrit/mini projects/PlotKAre-temp/PLotKAre-temp1/webpage/.next/dev/static/chunks/node_modules_next_dist_115brz8._.js:2431:13)
[browser] THREE.WebGLShadowMap: PCFSoftShadowMap has been deprecated. Using PCFShadowMap instead. (file://C:/Users/amrit/mini projects/PlotKAre-temp/PLotKAre-temp1/webpage/.next/dev/static/chunks/node_modules_next_dist_115brz8._.js:2431:13)
[browser] THREE.WebGLShadowMap: PCFSoftShadowMap has been deprecated. Using PCFShadowMap instead. (file://C:/Users/amrit/mini projects/PlotKAre-temp/PLotKAre-temp1/webpage/.next/dev/static/chunks/node_modules_next_dist_115brz8._.js:2431:13)
[browser] THREE.WebGLShadowMap: PCFSoftShadowMap has been deprecated. Using PCFShadowMap instead. (file://C:/Users/amrit/mini projects/PlotKAre-temp/PLotKAre-temp1/webpage/.next/dev/static/chunks/node_modules_next_dist_115brz8._.js:2431:13)
[browser] THREE.WebGLShadowMap: PCFSoftShadowMap has been deprecated. Using PCFShadowMap instead. (file://C:/Users/amrit/mini projects/PlotKAre-temp/PLotKAre-temp1/webpage/.next/dev/static/chunks/node_modules_next_dist_115brz8._.js:2431:13)
[browser] THREE.WebGLShadowMap: PCFSoftShadowMap has been deprecated. Using PCFShadowMap instead. (file://C:/Users/amrit/mini projects/PlotKAre-temp/PLotKAre-temp1/webpage/.next/dev/static/chunks/node_modules_next_dist_115brz8._.js:2431:13)
[browser] THREE.WebGLShadowMap: PCFSoftShadowMap has been deprecated. Using PCFShadowMap instead. (file://C:/Users/amrit/mini projects/PlotKAre-temp/PLotKAre-temp1/webpage/.next/dev/static/chunks/node_modules_next_dist_115brz8._.js:2431:13)
[browser] THREE.WebGLShadowMap: PCFSoftShadowMap has been deprecated. Using PCFShadowMap instead. (file://C:/Users/amrit/mini projects/PlotKAre-temp/PLotKAre-temp1/webpage/.next/dev/static/chunks/node_modules_next_dist_115brz8._.js:2431:13)
[browser] THREE.WebGLShadowMap: PCFSoftShadowMap has been deprecated. Using PCFShadowMap instead. (file://C:/Users/amrit/mini projects/PlotKAre-temp/PLotKAre-temp1/webpage/.next/dev/static/chunks/node_modules_next_dist_115brz8._.js:2431:13)
[browser] THREE.WebGLShadowMap: PCFSoftShadowMap has been deprecated. Using PCFShadowMap instead. (file://C:/Users/amrit/mini projects/PlotKAre-temp/PLotKAre-temp1/webpage/.next/dev/static/chunks/node_modules_next_dist_115brz8._.js:2431:13)
[browser] THREE.WebGLShadowMap: PCFSoftShadowMap has been deprecated. Using PCFShadowMap instead. (file://C:/Users/amrit/mini projects/PlotKAre-temp/PLotKAre-temp1/webpage/.next/dev/static/chunks/node_modules_next_dist_115brz8._.js:2431:13)
[browser] THREE.WebGLShadowMap: PCFSoftShadowMap has been deprecated. Using PCFShadowMap instead. (file://C:/Users/amrit/mini projects/PlotKAre-temp/PLotKAre-temp1/webpage/.next/dev/static/chunks/node_modules_next_dist_115brz8._.js:2431:13)
[browser] THREE.WebGLShadowMap: PCFSoftShadowMap has been deprecated. Using PCFShadowMap instead. (file://C:/Users/amrit/mini projects/PlotKAre-temp/PLotKAre-temp1/webpage/.next/dev/static/chunks/node_modules_next_dist_115brz8._.js:2431:13)
[browser] THREE.WebGLShadowMap: PCFSoftShadowMap has been deprecated. Using PCFShadowMap instead. (file://C:/Users/amrit/mini projects/PlotKAre-temp/PLotKAre-temp1/webpage/.next/dev/static/chunks/node_modules_next_dist_115brz8._.js:2431:13)
[browser] THREE.WebGLShadowMap: PCFSoftShadowMap has been deprecated. Using PCFShadowMap instead. (file://C:/Users/amrit/mini projects/PlotKAre-temp/PLotKAre-temp1/webpage/.next/dev/static/chunks/node_modules_next_dist_115brz8._.js:2431:13)
[browser] THREE.WebGLShadowMap: PCFSoftShadowMap has been deprecated. Using PCFShadowMap instead. (file://C:/Users/amrit/mini projects/PlotKAre-temp/PLotKAre-temp1/webpage/.next/dev/static/chunks/node_modules_next_dist_115brz8._.js:2431:13)
[browser] THREE.WebGLShadowMap: PCFSoftShadowMap has been deprecated. Using PCFShadowMap instead. (file://C:/Users/amrit/mini projects/PlotKAre-temp/PLotKAre-temp1/webpage/.next/dev/static/chunks/node_modules_next_dist_115brz8._.js:2431:13)
[browser] THREE.Clock: This module has been deprecated. Please use THREE.Timer instead. (file://C:/Users/amrit/mini projects/PlotKAre-temp/PLotKAre-temp1/webpage/.next/dev/static/chunks/node_modules_next_dist_115brz8._.js:2431:13)
[browser] THREE.WebGLShadowMap: PCFSoftShadowMap has been deprecated. Using PCFShadowMap instead. (file://C:/Users/amrit/mini projects/PlotKAre-temp/PLotKAre-temp1/webpage/.next/dev/static/chunks/node_modules_next_dist_115brz8._.js:2431:13)
[browser] THREE.WebGLShadowMap: PCFSoftShadowMap has been deprecated. Using PCFShadowMap instead. (file://C:/Users/amrit/mini projects/PlotKAre-temp/PLotKAre-temp1/webpage/.next/dev/static/chunks/node_modules_next_dist_115brz8._.js:2431:13)
[browser] THREE.WebGLShadowMap: PCFSoftShadowMap has been deprecated. Using PCFShadowMap instead. (file://C:/Users/amrit/mini projects/PlotKAre-temp/PLotKAre-temp1/webpage/.next/dev/static/chunks/node_modules_next_dist_115brz8._.js:2431:13)
[browser] THREE.WebGLShadowMap: PCFSoftShadowMap has been deprecated. Using PCFShadowMap instead. (file://C:/Users/amrit/mini projects/PlotKAre-temp/PLotKAre-temp1/webpage/.next/dev/static/chunks/node_modules_next_dist_115brz8._.js:2431:13)
[browser] THREE.WebGLShadowMap: PCFSoftShadowMap has been deprecated. Using PCFShadowMap instead. (file://C:/Users/amrit/mini projects/PlotKAre-temp/PLotKAre-temp1/webpage/.next/dev/static/chunks/node_modules_next_dist_115brz8._.js:2431:13)
[browser] THREE.WebGLShadowMap: PCFSoftShadowMap has been deprecated. Using PCFShadowMap instead. (file://C:/Users/amrit/mini projects/PlotKAre-temp/PLotKAre-temp1/webpage/.next/dev/static/chunks/node_modules_next_dist_115brz8._.js:2431:13)
[browser] THREE.WebGLShadowMap: PCFSoftShadowMap has been deprecated. Using PCFShadowMap instead. (file://C:/Users/amrit/mini projects/PlotKAre-temp/PLotKAre-temp1/webpage/.next/dev/static/chunks/node_modules_next_dist_115brz8._.js:2431:13)
[browser] THREE.WebGLShadowMap: PCFSoftShadowMap has been deprecated. Using PCFShadowMap instead. (file://C:/Users/amrit/mini projects/PlotKAre-temp/PLotKAre-temp1/webpage/.next/dev/static/chunks/node_modules_next_dist_115brz8._.js:2431:13)
[browser] THREE.WebGLShadowMap: PCFSoftShadowMap has been deprecated. Using PCFShadowMap instead. (file://C:/Users/amrit/mini projects/PlotKAre-temp/PLotKAre-temp1/webpage/.next/dev/static/chunks/node_modules_next_dist_115brz8._.js:2431:13)
[browser] THREE.WebGLShadowMap: PCFSoftShadowMap has been deprecated. Using PCFShadowMap instead. (file://C:/Users/amrit/mini projects/PlotKAre-temp/PLotKAre-temp1/webpage/.next/dev/static/chunks/node_modules_next_dist_115brz8._.js:2431:13)
[browser] THREE.WebGLShadowMap: PCFSoftShadowMap has been deprecated. Using PCFShadowMap instead. (file://C:/Users/amrit/mini projects/PlotKAre-temp/PLotKAre-temp1/webpage/.next/dev/static/chunks/node_modules_next_dist_115brz8._.js:2431:13)
[browser] THREE.WebGLShadowMap: PCFSoftShadowMap has been deprecated. Using PCFShadowMap instead. (file://C:/Users/amrit/mini projects/PlotKAre-temp/PLotKAre-temp1/webpage/.next/dev/static/chunks/node_modules_next_dist_115brz8._.js:2431:13)
[browser] THREE.WebGLShadowMap: PCFSoftShadowMap has been deprecated. Using PCFShadowMap instead. (file://C:/Users/amrit/mini projects/PlotKAre-temp/PLotKAre-temp1/webpage/.next/dev/static/chunks/node_modules_next_dist_115brz8._.js:2431:13)
[browser] THREE.WebGLShadowMap: PCFSoftShadowMap has been deprecated. Using PCFShadowMap instead. (file://C:/Users/amrit/mini projects/PlotKAre-temp/PLotKAre-temp1/webpage/.next/dev/static/chunks/node_modules_next_dist_115brz8._.js:2431:13)
[browser] THREE.WebGLShadowMap: PCFSoftShadowMap has been deprecated. Using PCFShadowMap instead. (file://C:/Users/amrit/mini projects/PlotKAre-temp/PLotKAre-temp1/webpage/.next/dev/static/chunks/node_modules_next_dist_115brz8._.js:2431:13)
[browser] THREE.WebGLShadowMap: PCFSoftShadowMap has been deprecated. Using PCFShadowMap instead. (file://C:/Users/amrit/mini projects/PlotKAre-temp/PLotKAre-temp1/webpage/.next/dev/static/chunks/node_modules_next_dist_115brz8._.js:2431:13)
[browser] THREE.WebGLShadowMap: PCFSoftShadowMap has been deprecated. Using PCFShadowMap instead. (file://C:/Users/amrit/mini projects/PlotKAre-temp/PLotKAre-temp1/webpage/.next/dev/static/chunks/node_modules_next_dist_115brz8._.js:2431:13)
[browser] THREE.WebGLShadowMap: PCFSoftShadowMap has been deprecated. Using PCFShadowMap instead. (file://C:/Users/amrit/mini projects/PlotKAre-temp/PLotKAre-temp1/webpage/.next/dev/static/chunks/node_modules_next_dist_115brz8._.js:2431:13)
[browser] THREE.WebGLShadowMap: PCFSoftShadowMap has been deprecated. Using PCFShadowMap instead. (file://C:/Users/amrit/mini projects/PlotKAre-temp/PLotKAre-temp1/webpage/.next/dev/static/chunks/node_modules_next_dist_115brz8._.js:2431:13)
[browser] THREE.WebGLShadowMap: PCFSoftShadowMap has been deprecated. Using PCFShadowMap instead. (file://C:/Users/amrit/mini projects/PlotKAre-temp/PLotKAre-temp1/webpage/.next/dev/static/chunks/node_modules_next_dist_115brz8._.js:2431:13)
[browser] THREE.WebGLShadowMap: PCFSoftShadowMap has been deprecated. Using PCFShadowMap instead. (file://C:/Users/amrit/mini projects/PlotKAre-temp/PLotKAre-temp1/webpage/.next/dev/static/chunks/node_modules_next_dist_115brz8._.js:2431:13)
[browser] THREE.WebGLShadowMap: PCFSoftShadowMap has been deprecated. Using PCFShadowMap instead. (file://C:/Users/amrit/mini projects/PlotKAre-temp/PLotKAre-temp1/webpage/.next/dev/static/chunks/node_modules_next_dist_115brz8._.js:2431:13)
[browser] THREE.WebGLShadowMap: PCFSoftShadowMap has been deprecated. Using PCFShadowMap instead. (file://C:/Users/amrit/mini projects/PlotKAre-temp/PLotKAre-temp1/webpage/.next/dev/static/chunks/node_modules_next_dist_115brz8._.js:2431:13)
[browser] THREE.WebGLShadowMap: PCFSoftShadowMap has been deprecated. Using PCFShadowMap instead. (file://C:/Users/amrit/mini projects/PlotKAre-temp/PLotKAre-temp1/webpage/.next/dev/static/chunks/node_modules_next_dist_115brz8._.js:2431:13)
[browser] THREE.WebGLShadowMap: PCFSoftShadowMap has been deprecated. Using PCFShadowMap instead. (file://C:/Users/amrit/mini projects/PlotKAre-temp/PLotKAre-temp1/webpage/.next/dev/static/chunks/node_modules_next_dist_115brz8._.js:2431:13)
[browser] THREE.WebGLShadowMap: PCFSoftShadowMap has been deprecated. Using PCFShadowMap instead. (file://C:/Users/amrit/mini projects/PlotKAre-temp/PLotKAre-temp1/webpage/.next/dev/static/chunks/node_modules_next_dist_115brz8._.js:2431:13)
[browser] THREE.WebGLShadowMap: PCFSoftShadowMap has been deprecated. Using PCFShadowMap instead. (file://C:/Users/amrit/mini projects/PlotKAre-temp/PLotKAre-temp1/webpage/.next/dev/static/chunks/node_modules_next_dist_115brz8._.js:2431:13)
[browser] THREE.WebGLShadowMap: PCFSoftShadowMap has been deprecated. Using PCFShadowMap instead. (file://C:/Users/amrit/mini projects/PlotKAre-temp/PLotKAre-temp1/webpage/.next/dev/static/chunks/node_modules_next_dist_115brz8._.js:2431:13)
[browser] THREE.WebGLShadowMap: PCFSoftShadowMap has been deprecated. Using PCFShadowMap instead. (file://C:/Users/amrit/mini projects/PlotKAre-temp/PLotKAre-temp1/webpage/.next/dev/static/chunks/node_modules_next_dist_115brz8._.js:2431:13)
[browser] THREE.WebGLShadowMap: PCFSoftShadowMap has been deprecated. Using PCFShadowMap instead. (file://C:/Users/amrit/mini projects/PlotKAre-temp/PLotKAre-temp1/webpage/.next/dev/static/chunks/node_modules_next_dist_115brz8._.js:2431:13)
[browser] THREE.WebGLShadowMap: PCFSoftShadowMap has been deprecated. Using PCFShadowMap instead. (file://C:/Users/amrit/mini projects/PlotKAre-temp/PLotKAre-temp1/webpage/.next/dev/static/chunks/node_modules_next_dist_115brz8._.js:2431:13)
[browser] THREE.Clock: This module has been deprecated. Please use THREE.Timer instead. (file://C:/Users/amrit/mini projects/PlotKAre-temp/PLotKAre-temp1/webpage/.next/dev/static/chunks/node_modules_next_dist_115brz8._.js:2431:13)
[browser] THREE.WebGLShadowMap: PCFSoftShadowMap has been deprecated. Using PCFShadowMap instead. (file://C:/Users/amrit/mini projects/PlotKAre-temp/PLotKAre-temp1/webpage/.next/dev/static/chunks/node_modules_next_dist_115brz8._.js:2431:13)
[browser] THREE.WebGLShadowMap: PCFSoftShadowMap has been deprecated. Using PCFShadowMap instead. (file://C:/Users/amrit/mini projects/PlotKAre-temp/PLotKAre-temp1/webpage/.next/dev/static/chunks/node_modules_next_dist_115brz8._.js:2431:13)
[browser] THREE.WebGLShadowMap: PCFSoftShadowMap has been deprecated. Using PCFShadowMap instead. (file://C:/Users/amrit/mini projects/PlotKAre-temp/PLotKAre-temp1/webpage/.next/dev/static/chunks/node_modules_next_dist_115brz8._.js:2431:13)
[browser] THREE.Clock: This module has been deprecated. Please use THREE.Timer instead. (file://C:/Users/amrit/mini projects/PlotKAre-temp/PLotKAre-temp1/webpage/.next/dev/static/chunks/node_modules_next_dist_115brz8._.js:2431:13)
[browser] THREE.WebGLShadowMap: PCFSoftShadowMap has been deprecated. Using PCFShadowMap instead. (file://C:/Users/amrit/mini projects/PlotKAre-temp/PLotKAre-temp1/webpage/.next/dev/static/chunks/node_modules_next_dist_115brz8._.js:2431:13)
[browser] THREE.WebGLShadowMap: PCFSoftShadowMap has been deprecated. Using PCFShadowMap instead. (file://C:/Users/amrit/mini projects/PlotKAre-temp/PLotKAre-temp1/webpage/.next/dev/static/chunks/node_modules_next_dist_115brz8._.js:2431:13)
[browser] THREE.WebGLShadowMap: PCFSoftShadowMap has been deprecated. Using PCFShadowMap instead. (file://C:/Users/amrit/mini projects/PlotKAre-temp/PLotKAre-temp1/webpage/.next/dev/static/chunks/node_modules_next_dist_115brz8._.js:2431:13)
[browser] THREE.WebGLShadowMap: PCFSoftShadowMap has been deprecated. Using PCFShadowMap instead. (file://C:/Users/amrit/mini projects/PlotKAre-temp/PLotKAre-temp1/webpage/.next/dev/static/chunks/node_modules_next_dist_115brz8._.js:2431:13)
[browser] THREE.WebGLShadowMap: PCFSoftShadowMap has been deprecated. Using PCFShadowMap instead. (file://C:/Users/amrit/mini projects/PlotKAre-temp/PLotKAre-temp1/webpage/.next/dev/static/chunks/node_modules_next_dist_115brz8._.js:2431:13)
[browser] THREE.WebGLShadowMap: PCFSoftShadowMap has been deprecated. Using PCFShadowMap instead. (file://C:/Users/amrit/mini projects/PlotKAre-temp/PLotKAre-temp1/webpage/.next/dev/static/chunks/node_modules_next_dist_115brz8._.js:2431:13)
[browser] THREE.WebGLShadowMap: PCFSoftShadowMap has been deprecated. Using PCFShadowMap instead. (file://C:/Users/amrit/mini projects/PlotKAre-temp/PLotKAre-temp1/webpage/.next/dev/static/chunks/node_modules_next_dist_115brz8._.js:2431:13)
[browser] THREE.WebGLShadowMap: PCFSoftShadowMap has been deprecated. Using PCFShadowMap instead. (file://C:/Users/amrit/mini projects/PlotKAre-temp/PLotKAre-temp1/webpage/.next/dev/static/chunks/node_modules_next_dist_115brz8._.js:2431:13)
[browser] THREE.WebGLShadowMap: PCFSoftShadowMap has been deprecated. Using PCFShadowMap instead. (file://C:/Users/amrit/mini projects/PlotKAre-temp/PLotKAre-temp1/webpage/.next/dev/static/chunks/node_modules_next_dist_115brz8._.js:2431:13)
[browser] THREE.WebGLShadowMap: PCFSoftShadowMap has been deprecated. Using PCFShadowMap instead. (file://C:/Users/amrit/mini projects/PlotKAre-temp/PLotKAre-temp1/webpage/.next/dev/static/chunks/node_modules_next_dist_115brz8._.js:2431:13)
[browser] THREE.WebGLShadowMap: PCFSoftShadowMap has been deprecated. Using PCFShadowMap instead. (file://C:/Users/amrit/mini projects/PlotKAre-temp/PLotKAre-temp1/webpage/.next/dev/static/chunks/node_modules_next_dist_115brz8._.js:2431:13)
[browser] THREE.WebGLShadowMap: PCFSoftShadowMap has been deprecated. Using PCFShadowMap instead. (file://C:/Users/amrit/mini projects/PlotKAre-temp/PLotKAre-temp1/webpage/.next/dev/static/chunks/node_modules_next_dist_115brz8._.js:2431:13)
[browser] THREE.WebGLShadowMap: PCFSoftShadowMap has been deprecated. Using PCFShadowMap instead. (file://C:/Users/amrit/mini projects/PlotKAre-temp/PLotKAre-temp1/webpage/.next/dev/static/chunks/node_modules_next_dist_115brz8._.js:2431:13)
[browser] THREE.Clock: This module has been deprecated. Please use THREE.Timer instead. (file://C:/Users/amrit/mini projects/PlotKAre-temp/PLotKAre-temp1/webpage/.next/dev/static/chunks/node_modules_next_dist_115brz8._.js:2431:13)
[browser] THREE.WebGLShadowMap: PCFSoftShadowMap has been deprecated. Using PCFShadowMap instead. (file://C:/Users/amrit/mini projects/PlotKAre-temp/PLotKAre-temp1/webpage/.next/dev/static/chunks/node_modules_next_dist_115brz8._.js:2431:13)
[browser] THREE.WebGLShadowMap: PCFSoftShadowMap has been deprecated. Using PCFShadowMap instead. (file://C:/Users/amrit/mini projects/PlotKAre-temp/PLotKAre-temp1/webpage/.next/dev/static/chunks/node_modules_next_dist_115brz8._.js:2431:13)
[browser] THREE.WebGLShadowMap: PCFSoftShadowMap has been deprecated. Using PCFShadowMap instead. (file://C:/Users/amrit/mini projects/PlotKAre-temp/PLotKAre-temp1/webpage/.next/dev/static/chunks/node_modules_next_dist_115brz8._.js:2431:13)
[browser] THREE.WebGLShadowMap: PCFSoftShadowMap has been deprecated. Using PCFShadowMap instead. (file://C:/Users/amrit/mini projects/PlotKAre-temp/PLotKAre-temp1/webpage/.next/dev/static/chunks/node_modules_next_dist_115brz8._.js:2431:13)
[browser] THREE.WebGLShadowMap: PCFSoftShadowMap has been deprecated. Using PCFShadowMap instead. (file://C:/Users/amrit/mini projects/PlotKAre-temp/PLotKAre-temp1/webpage/.next/dev/static/chunks/node_modules_next_dist_115brz8._.js:2431:13)
[browser] THREE.WebGLShadowMap: PCFSoftShadowMap has been deprecated. Using PCFShadowMap instead. (file://C:/Users/amrit/mini projects/PlotKAre-temp/PLotKAre-temp1/webpage/.next/dev/static/chunks/node_modules_next_dist_115brz8._.js:2431:13)
[browser] THREE.WebGLShadowMap: PCFSoftShadowMap has been deprecated. Using PCFShadowMap instead. (file://C:/Users/amrit/mini projects/PlotKAre-temp/PLotKAre-temp1/webpage/.next/dev/static/chunks/node_modules_next_dist_115brz8._.js:2431:13)
[browser] THREE.WebGLShadowMap: PCFSoftShadowMap has been deprecated. Using PCFShadowMap instead. (file://C:/Users/amrit/mini projects/PlotKAre-temp/PLotKAre-temp1/webpage/.next/dev/static/chunks/node_modules_next_dist_115brz8._.js:2431:13)
[browser] THREE.WebGLShadowMap: PCFSoftShadowMap has been deprecated. Using PCFShadowMap instead. (file://C:/Users/amrit/mini projects/PlotKAre-temp/PLotKAre-temp1/webpage/.next/dev/static/chunks/node_modules_next_dist_115brz8._.js:2431:13)
[browser] THREE.WebGLShadowMap: PCFSoftShadowMap has been deprecated. Using PCFShadowMap instead. (file://C:/Users/amrit/mini projects/PlotKAre-temp/PLotKAre-temp1/webpage/.next/dev/static/chunks/node_modules_next_dist_115brz8._.js:2431:13)
[browser] THREE.WebGLShadowMap: PCFSoftShadowMap has been deprecated. Using PCFShadowMap instead. (file://C:/Users/amrit/mini projects/PlotKAre-temp/PLotKAre-temp1/webpage/.next/dev/static/chunks/node_modules_next_dist_115brz8._.js:2431:13)
[browser] THREE.WebGLShadowMap: PCFSoftShadowMap has been deprecated. Using PCFShadowMap instead. (file://C:/Users/amrit/mini projects/PlotKAre-temp/PLotKAre-temp1/webpage/.next/dev/static/chunks/node_modules_next_dist_115brz8._.js:2431:13)
[browser] THREE.WebGLShadowMap: PCFSoftShadowMap has been deprecated. Using PCFShadowMap instead. (file://C:/Users/amrit/mini projects/PlotKAre-temp/PLotKAre-temp1/webpage/.next/dev/static/chunks/node_modules_next_dist_115brz8._.js:2431:13)
[browser] THREE.WebGLShadowMap: PCFSoftShadowMap has been deprecated. Using PCFShadowMap instead. (file://C:/Users/amrit/mini projects/PlotKAre-temp/PLotKAre-temp1/webpage/.next/dev/static/chunks/node_modules_next_dist_115brz8._.js:2431:13)
[browser] THREE.WebGLShadowMap: PCFSoftShadowMap has been deprecated. Using PCFShadowMap instead. (file://C:/Users/amrit/mini projects/PlotKAre-temp/PLotKAre-temp1/webpage/.next/dev/static/chunks/node_modules_next_dist_115brz8._.js:2431:13)
[browser] THREE.WebGLShadowMap: PCFSoftShadowMap has been deprecated. Using PCFShadowMap instead. (file://C:/Users/amrit/mini projects/PlotKAre-temp/PLotKAre-temp1/webpage/.next/dev/static/chunks/node_modules_next_dist_115brz8._.js:2431:13)
[browser] THREE.WebGLShadowMap: PCFSoftShadowMap has been deprecated. Using PCFShadowMap instead. (file://C:/Users/amrit/mini projects/PlotKAre-temp/PLotKAre-temp1/webpage/.next/dev/static/chunks/node_modules_next_dist_115brz8._.js:2431:13)
[browser] THREE.WebGLShadowMap: PCFSoftShadowMap has been deprecated. Using PCFShadowMap instead. (file://C:/Users/amrit/mini projects/PlotKAre-temp/PLotKAre-temp1/webpage/.next/dev/static/chunks/node_modules_next_dist_115brz8._.js:2431:13)
[browser] THREE.WebGLShadowMap: PCFSoftShadowMap has been deprecated. Using PCFShadowMap instead. (file://C:/Users/amrit/mini projects/PlotKAre-temp/PLotKAre-temp1/webpage/.next/dev/static/chunks/node_modules_next_dist_115brz8._.js:2431:13)
[browser] THREE.WebGLShadowMap: PCFSoftShadowMap has been deprecated. Using PCFShadowMap instead. (file://C:/Users/amrit/mini projects/PlotKAre-temp/PLotKAre-temp1/webpage/.next/dev/static/chunks/node_modules_next_dist_115brz8._.js:2431:13)
[browser] THREE.WebGLShadowMap: PCFSoftShadowMap has been deprecated. Using PCFShadowMap instead. (file://C:/Users/amrit/mini projects/PlotKAre-temp/PLotKAre-temp1/webpage/.next/dev/static/chunks/node_modules_next_dist_115brz8._.js:2431:13)
[browser] THREE.WebGLShadowMap: PCFSoftShadowMap has been deprecated. Using PCFShadowMap instead. (file://C:/Users/amrit/mini projects/PlotKAre-temp/PLotKAre-temp1/webpage/.next/dev/static/chunks/node_modules_next_dist_115brz8._.js:2431:13)
[browser] THREE.WebGLShadowMap: PCFSoftShadowMap has been deprecated. Using PCFShadowMap instead. (file://C:/Users/amrit/mini projects/PlotKAre-temp/PLotKAre-temp1/webpage/.next/dev/static/chunks/node_modules_next_dist_115brz8._.js:2431:13)
[browser] THREE.WebGLShadowMap: PCFSoftShadowMap has been deprecated. Using PCFShadowMap instead. (file://C:/Users/amrit/mini projects/PlotKAre-temp/PLotKAre-temp1/webpage/.next/dev/static/chunks/node_modules_next_dist_115brz8._.js:2431:13)
[browser] THREE.WebGLShadowMap: PCFSoftShadowMap has been deprecated. Using PCFShadowMap instead. (file://C:/Users/amrit/mini projects/PlotKAre-temp/PLotKAre-temp1/webpage/.next/dev/static/chunks/node_modules_next_dist_115brz8._.js:2431:13)
[browser] THREE.WebGLShadowMap: PCFSoftShadowMap has been deprecated. Using PCFShadowMap instead. (file://C:/Users/amrit/mini projects/PlotKAre-temp/PLotKAre-temp1/webpage/.next/dev/static/chunks/node_modules_next_dist_115brz8._.js:2431:13)
[browser] THREE.WebGLShadowMap: PCFSoftShadowMap has been deprecated. Using PCFShadowMap instead. (file://C:/Users/amrit/mini projects/PlotKAre-temp/PLotKAre-temp1/webpage/.next/dev/static/chunks/node_modules_next_dist_115brz8._.js:2431:13)
[browser] THREE.WebGLShadowMap: PCFSoftShadowMap has been deprecated. Using PCFShadowMap instead. (file://C:/Users/amrit/mini projects/PlotKAre-temp/PLotKAre-temp1/webpage/.next/dev/static/chunks/node_modules_next_dist_115brz8._.js:2431:13)
